A,B,B_val,C,D,E
6686,,11654,49.94,788.8,1712.9
6512.7,11347,11347,44.342,770.79,1667.4
6347.9,11053,11053,48.82,753.59,1623.4
6195,,10777,46.77,737.4,1581.6
6053.9,10519,10519,45.91,722.1,1542.3
5922.8,10275,10275,46.86,707.5,1505.2
5799.4,10046,10046,44.81,693.43,1470.2
5681.7,9826.2,9826.2,41.23,679.79,1436.7
5568.2,9614.5,9614.5,33.874,666.54,1404.4
5458,,9410.2,40.71,653.63,1373
5350.4,9234,9234,39.05,641,1342.6
5244.9,9057.4,9057.4,38.94,628.65,1312.7
5141.5,8875.4,8875.4,37.19,616.59,1286.4
5040,,8726.9,30.254,604.81,1330.9
4940.5,8741.5,8741.5,37.15,593.26,1497.5
4843.1,8613.9,8613.9,29.086,581.98,1497.1
4753.9,8354.2,8354.2,35.66,571.23,1423.7
4664.3,8197.4,8197.4,34.47,560.76,1401.6
4569.3,7950.3,7950.3,33.41,550.32,1286.7
4478,7707.7,7707.7,32.01,540.21,1195.6
4389.4,7499.2,7499.2,31.67,530.39,1126.2
4303.9,7314.6,7314.6,31.29,520.78,1079.7
4220.8,7149,7149,25.696,511.38,1046.6
4139.6,7002.2,7002.2,25.23,502.24,1031.7
4059.8,7021.8,7021.8,24.58,493.32,1238.1
3981.6,7163.1,7163.1,22.482,484.62,1462.4
3904.8,7011.4,7011.4,23.88,476.16,1360.2
3829.1,6679.7,6679.7,23.56,467.87,1170.4
3755,6434.7,6434.7,23.36,459.75,1037.7
3682.2,6211.7,6211.7,19.45,451.83,938.46
3610.8,,6045.6,21.78,444.14,888.14
3540.9,,5909.4,21.5,436.67,862.3
3472.6,,5786.1,20.82,429.43,844.03
3405.9,5666.1,5666.1,23.13,422.44,826.24
3341.1,,5549.6,21.98,415.71,809.18
3278,5430.5,5430.5,19.44,409.2,784.19
3216.7,,5313.3,23.534,402.9,763.24
3156.9,5208.3,5208.3,21.2,396.94,748.22
3098.7,,5107.3,21.01,393.8,732.66
3045.2,5012.5,5012.5,20.71,389.31,718.76
3068.6,,4996,18.12,381.81,720.12
3056,4961.3,4961.3,18.16,378.42,714.31
2956.1,4827.6,4827.6,17.56,374.04,692.1
2876.8,4718.3,4718.3,20.441,375.65,691.95
2804.2,4816.2,4816.2,18.09,382.69,919.29
2810.2,5082.5,5082.5,27.85,409.39,1111.8
2794.7,5068.4,5068.4,24.36,413.73,1022.5
2709.8,,4777.2,30.34,381.73,883.32
2672.7,4528.6,4528.6,28.54,360.77,746.96
2630.7,,4359.7,25.29,343.85,660.61
2557.3,4258.8,4258.8,22.482,371.7,615.33
2492.9,,4215.6,21.34,398.12,623.07
2509.9,4227.6,4227.6,20.84,390.75,645.66
2538.1,4210.2,4210.2,21.46,372.21,638.62
2494.3,,4240.2,23.81,341.71,882.86
2529.8,,5186.1,25.19,322.68,1938.9
2603,,6377.7,24.39,322.84,2984.6
2587.1,7065.4,7065.4,23.534,334.7,3626.7
2479,7218.1,7218.1,26.96,327.73,3749
2328,6376.3,6376.3,27.51,311.84,2957.1
2210.1,,5208.1,26.46,298.94,2000.6
2126.8,4304.8,4304.8,23.91,286.92,1268.9
2072.4,,3777.2,22.93,279.28,869.89
2030.9,3504.2,3504.2,22.72,273.77,686.11
1996.6,3385.6,3385.6,21.452,269.64,629.3
1965.7,3318.5,3318.5,22.38,265.72,603.55
1932.2,,3224.6,21.33,261.89,554.26
1899.7,3135.1,3135.1,20.95,257.54,512.17
1869.7,3041.9,3041.9,19.95,253.28,461.31
1843.4,,2966.8,19.73,249.6,429.4
1818.8,2914.7,2914.7,19.36,246.04,414.66
1794.9,2871.8,2871.8,17.064,242.5,407.88
1771.6,2829.7,2829.7,16.32,238.98,401.16
1749,,2788.6,16.1,235.54,394.58
1727.1,2749.1,2749.1,14.3,232.19,388.27
1705.9,2711,2711,15.34,228.89,382.23
1685.2,2673.9,2673.9,13.103,225.63,376.36
1665,,2637.7,14.88,222.43,370.55
1645.4,2602.3,2602.3,12.283,219.29,364.78
1633.2,2573.3,2573.3,14.8,216.19,359.08
1619.2,2544.8,2544.8,14.68,213.13,353.53
1596.6,,2510.6,14.64,210.14,348.18
1575.1,2486.1,2486.1,14.23,207.25,356.49
1556.1,2699.3,2699.3,14.04,205.33,666.07
1538.5,2960.6,2960.6,13.83,203.21,905.87
1520.1,,2856.9,8.518,200,748.45
1502,,2644.2,6.291,196.92,598.26
1484.2,2560.6,2560.6,6.022,193.97,539.71
1467.1,2505.9,2505.9,6.351,191.19,527.27
1450.7,,2441.3,6.264,188.6,489.22
1434.1,2369.3,2369.3,8.017,186.13,434.44
1418,2286.5,2286.5,5.473,183.72,382.03
1402.5,2227,2227,7.1751,181.36,346.81
1387.2,2181.4,2181.4,5.734,179.07,326.5
1371.9,2138.3,2138.3,5.652,176.78,303.92
1356.9,2104,2104,6.5404,174.57,298.13
1341.9,2096.3,2096.3,5.604,172.43,312.03
1326.9,2086.1,2086.1,3.941,170.33,318.97
1311.9,,2052.2,3.303,168.28,306.94
1296.9,,2022.2,5.3446,166.27,297.1
1281.7,1990,1990,3.226,164.48,285.04
1266.5,1955.7,1955.7,6.134,162.62,272.13
1251.4,1927,1927,5.808,160.56,264.3
1236.6,1900.4,1900.4,5.786,158.61,259.05
1222,1889.9,1889.9,3.744,156.65,275.2
1207.7,1945.1,1945.1,6.622,154.84,310.37
1194.4,1980.5,1980.5,3.2639,155.45,320.28
1181,,1947.4,6.157,155.86,321.01
1167.5,1955.9,1955.9,6.247,166.39,332.49
1154.7,1984,1984,6.162,173.64,404.48
1155.6,,3161.8,6.443,241.98,1834.5
1154.3,,4954,4.2513,278.72,3289.7
1133.8,,4663.4,5.956,225.89,2716.4
1112.6,3426.8,3426.8,5.3446,193.32,1736.4
1093.6,2751,2751,6.426,164.88,1122.3
1077.2,2206.6,2206.6,5.408,149.85,684.67
1063.5,1916.9,1916.9,5.331,142.59,461.47
1053,,1790.9,4.747,139.99,376.16
1042.5,1740.5,1740.5,4.666,138.11,343.63
1029.9,,1698.3,3.87,135.9,322.28
1017.6,1671.2,1671.2,2.8118,134.4,311.81
1004.9,1599.9,1599.9,3.339,129.63,247.1
993.05,1530.7,1530.7,3.358,127.74,213.67
981.89,,1527.7,3.139,126.72,221.32
970.98,,1524.9,4.429,132.77,215.16
960.21,1524.9,1524.9,4.554,135.73,215.23
957.66,,1692.4,4.338,131.59,463.62
1125.7,5579.2,5579.2,5.3446,159.03,5557.7
1251.1,,12250,5.541,184.68,11186
1283.2,13473,13473,5.233,260.31,11441
1284.2,,12851,4.17,296.49,10922
1160.4,11153,11153,4.109,230.61,8729.5
1062.1,7699.5,7699.5,4.026,186.27,5817.9
978.11,5642.1,5642.1,5.518,155.22,3812.9
930.84,3582.4,3582.4,13.103,139.37,2101.9
898.37,,2720.5,8.323,127.59,1391.6
876.46,2350.6,2350.6,7.84,123.44,1120.9
872.27,,2243.9,6.543,120.47,1057.2
905.6,2249.3,2249.3,11.484,117.35,994.36
920.69,2193.2,2193.2,7.253,115.83,1032
892.1,,2553.3,7.302,112.78,1494.8
878.59,,4018.1,9.9549,115.45,3103.6
929.46,5296.2,5296.2,6.813,115.66,4073.5
1107.7,5961.4,5961.4,6.038,115.4,4665.8
1172.6,6540.8,6540.8,4.979,122.65,4972
1069,5569.8,5569.8,4.894,129.2,3778.9
963.87,4970.6,4970.6,3.937,138.4,3865.8
893.53,,6925.9,3.645,178.19,6096.4
857.61,9519.4,9519.4,7.8346,195.5,8414.2
833.75,9969.5,9969.5,2.613,176.73,8487.9
874.58,8716.7,8716.7,3.029,160.82,7080.5
964.3,7306.1,7306.1,2.849,173.93,6022.8
1116.9,9072.6,9072.6,2.8469,181.57,8210.9
1301.1,16072,16072,2.7995,209.11,18092
1348,37743,37743,2.9488,225.66,37443
1447.4,48051,48051,8.7,209.54,45847
1690.2,47000,47000,11.214,209.47,45285
1835.7,48922,48922,12.25,258.06,45276
2576.5,51338,51338,254.6,549.43,51223
4593.8,73151,73151,250.6,820.65,69456
5925.1,84039,84039,230.87,739.35,74664
5491.7,,76991,312.95,543.13,68043
4752,67657,67657,258.06,413.08,58482
4207.9,60869,60869,363.68,426.7,56743
3849,70718,70718,357.15,727.41,64771
3359.3,65292,65292,296.79,925.48,54878
2754,43752,43752,246.91,897.68,35620
2461.1,30658,30658,214.93,883.4,23106
2357.5,,20259,226.42,847.48,13924
2457,,15602,178.19,840.16,9672.3
3289.7,,15399,878.88,911.9,9023.5
5992.8,25484,25484,1796,1373.8,15976
8752,39103,39103,1245.5,1668.8,23130
10169,42373,42373,950.15,1586.7,21623
10834,37763,37763,767.89,1626.1,15788
10389,31242,31242,688.28,1630.8,9842.9
9732.1,26637,26637,525.31,1684.8,6598.9
9312.4,24277,24277,326.27,1765.8,5170.2
9092.8,,23607,302.02,1834.1,5063.3
9004.3,23779,23779,243.24,1891.8,5555.4
9569.6,,28497,189.5,2141.8,10248
10852,,41242,189.5,2382.7,23410
12115,68536,68536,643.6,2741,50039
12753,103120,103120,846.93,3277.6,81239
12684,,120920,590.32,3672.3,91648
13465,112500,112500,424.72,4160.8,80625
14514,,101340,350.68,4530.2,68820
14739,94650,94650,450.78,4768.4,58014
14960,78980,78980,869.43,4959.8,42821
15539,,73242,677.69,5298.7,38916
16823,,89435,878.88,5763.1,51692
19935,,111970,936.3,6273.5,66317
25410,,125810,937.37,6849.7,69718
32060,,138640,2234.2,7847.5,74687
41773,192920,192920,5533.1,11309,97970
58913,273800,273800,3059.4,18167,116700
78483,,313860,2292.9,23857,113590
91105,,303920,1641.7,25925,91933
95429,,271850,1797.8,26119,65018
99930,247220,247220,3240.6,25183,47290
139050,270550,270550,6355.9,24126,41355
275890,408950,408950,8080.9,23254,48044
482950,,640770,7630.2,22497,52656
623230,813780,813780,5676.8,21795,48047
634920,,841740,2332.4,21065,41362
566680,768040,768040,1674.5,20162,34154
475190,657850,657850,1063.5,19050,27526
392070,,553680,962.34,17911,22974
331030,475360,475360,975.12,16815,21595
290750,,422240,999.64,15797,20909
266020,386990,386990,1001.6,14882,19335
251080,,363940,748.18,14067,17769
237390,,344340,548.22,13368,16316
221130,322650,322650,626.85,12835,15416
204420,,301050,422.41,12369,15060
188670,280620,280620,499.91,11913,14534
173870,,261090,453.19,11496,13527
160180,242750,242750,401.4,11089,12560
147760,226210,226210,350.68,10757,12002
136580,211900,211900,300.8,10442,12225
126740,,204970,317.01,10263,19860
118310,204270,204270,725.43,10153,30311
111740,211660,211660,989.38,10242,46031
109080,239140,239140,2302.7,11274,77711
114210,325460,325460,2147.3,16461,154900
130390,458900,458900,2514.3,29089,233230
153190,,528280,2012.3,41821,229920
174990,510310,510310,1832.6,47714,174860
190930,,472730,1751.4,48476,121710
198260,440730,440730,2121.7,46227,87638
197750,414700,414700,1642.8,42974,68279
192200,,394890,2006.3,39832,59940
187640,391000,391000,2702.2,37758,62491
192410,422600,422600,3139.4,37968,77344
204980,469350,469350,2800.2,40026,89868
215940,500400,500400,2448.6,42112,99403
220840,523320,523320,1920.4,43754,117090
219530,562880,562880,1741.6,47421,175490
214790,664010,664010,1592.5,54601,278670
209010,723510,723510,2602,61210,319360
205670,697810,697810,6887,72867,285680
225640,766860,766860,8663.4,111400,274140
270570,,897450,9841.8,146120,279650
306850,,955820,8736.5,146900,260600
320910,940210,940210,5576,131570,224060
316100,879940,879940,4254,109280,187750
296360,,798730,3614.2,88675,158740
270270,712480,712480,2880.2,72911,138750
243880,636460,636460,1868.3,61816,125480
220130,565070,565070,1480.1,53727,110220
199810,503310,503310,1255.4,47598,96708
182670,,454240,1247.3,42449,86826
167560,408760,408760,1519.8,37065,76208
154160,369270,369270,1348.8,32649,66942
142330,336480,336480,1290.8,29168,59687
131550,,308630,944.36,26350,53754
121670,,284230,1303.5,23972,48669
112560,262460,262460,1284.9,21926,44397
104270,243180,243180,1043.3,20155,41056
96876,225580,225580,661.26,18601,38028
90438,210120,210120,604.82,17244,35794
84822,197990,197990,546.03,16056,34795
79941,,188940,824.72,15312,35784
75668,185390,185390,815.6,15029,39729
71772,182510,182510,638.67,14962,42326
68075,176980,176980,800.42,15088,41643
64376,171240,171240,1060.4,15210,41316
60755,166340,166340,917.92,15185,41194
57629,160450,160450,898.31,14983,40434
55608,161800,161800,1530.2,14635,44609
53987,160850,160850,1042.1,14149,44820
52279,156090,156090,945.48,13586,42604
50799,,158410,1123,13085,46283
49234,,160710,953.99,12580,49302
47586,,161100,866.04,12181,48083
45825,151000,151000,700.84,11842,38960
43869,137450,137450,513.91,11423,29344
41759,,126940,517.2,11020,23642
39559,117300,117300,429.23,10582,19592
37361,109060,109060,398.36,10123,16941
35225,102010,102010,417.73,9660.5,15598
33300,97112,97112,399.35,9224.2,16126
31603,,96067,344.88,8797.8,20436
29990,,99748,300.61,8377.9,28431
28430,104000,104000,369.69,8020.4,36080
26982,,103940,404.59,7677.5,38017
25639,96174,96174,377.36,7328.5,33242
24360,89745,89745,376.05,6995.4,30176
23148,,82951,325.32,6671.6,26129
21959,74907,74907,275.04,6360.3,21346
20758,69144,69144,241.93,6062.2,18209
19609,61871,61871,214.98,5777.3,14021
18538,56880,56880,210.06,5508.2,11767
17545,52857,52857,180.15,5260.9,10344
16628,50105,50105,175.17,5033,9795.1
15769,47503,47503,197.77,4817.3,9355.1
14948,45569,45569,166.05,4610.1,9372.3
14157,,43319,159.15,4406.6,8768.5
13397,,39913,145.23,4205.9,7344
12674,,37345,150.52,4010,6541.7
11993,34853,34853,137.37,3821.8,5791.3
11354,32810,32810,129.68,3643.3,5356.5
10753,30997,30997,126.23,3474.7,5041.9
10188,29339,29339,125.4,3314.9,4780.6
9662.5,27792,27792,118.24,3163.9,4532.6
9176.6,26344,26344,115.58,3022.4,4291.7
8726.9,25011,25011,110.61,2890.6,4057.5
8315.7,23744,23744,104.05,2769.8,3819.8
7945.1,,22642,93.638,2660.1,3639.2
7609.9,21651,21651,92.857,2560,3492.3
7303.9,,21073,90.339,2469.8,3823.9
7021.3,20962,20962,95.109,2383.3,4377.3
6758.3,20398,20398,91.838,2296.3,4308.8
6511.9,19236,19236,86.157,2213.1,3798.9
6279.6,18118,18118,80.985,2133.3,3299.3
6059.7,17147,17147,78.307,2057.5,2929.6
5850.8,16337,16337,76.019,1985.6,2686.8
5651.8,,15661,77.829,1916.9,2542.3
5461.2,15056,15056,76.089,1850.6,2438.3
5278.5,14486,14486,80.284,1786.8,2345.4
5103.7,,13944,69.368,1725.8,2256.8
4936.2,13415,13415,67.085,1667.6,2152.6
4775.6,12900,12900,69.951,1612.3,2050.9
4621.2,12427,12427,61.057,1559.6,1968.2
4472.6,,11985,64.518,1508.8,1896.4
4329.3,11562,11562,59.465,1459.6,1827.5
4191,11156,11156,58.185,1412,1761.2
4057.5,10769,10769,52.284,1366.4,1697.5
3928.7,10400,10400,51.917,1323,1636.9
3804.3,,10048,46.228,1281.8,1579.4
3683.6,9711.7,9711.7,49.688,1242.4,1524.6
3566.6,9388.4,9388.4,48.98,1204.5,1472.1
3452.9,9076.9,9076.9,46.073,1167.6,1421.6
3342.4,,8776.6,43.994,1131.7,1372.9
3235.3,8490.9,8490.9,45.336,1096.7,1326.5
3131.5,8227.2,8227.2,43.886,1064.9,1290
3031.2,,7992.2,42.857,1034.8,1261.9
2934.8,7767.1,7767.1,43.599,1005,1225.1
2842.7,7527.6,7527.6,41.703,977.59,1181.4
2754.9,7293.6,7293.6,41.057,952.4,1141.1
2671.4,,7079.1,39.685,928.84,1105
2592.8,6881,6881,37.339,906.27,1077.2
2517.6,6694.5,6694.5,36.325,884.34,1050.6
2444,6509.1,6509.1,35.25,862.97,1020
2373,6328.5,6328.5,30.12,842.19,991.13
2304.7,6154.1,6154.1,31.8,822.1,963.59
2238.9,,5985,31.567,802.56,937.38
2175.3,5820.5,5820.5,30.225,783.59,912.35
2113.9,5660.9,5660.9,28.179,765.16,888.61
2054.6,5506.7,5506.7,31.151,747.25,865.81
1997.3,5357.4,5357.4,30.925,729.97,843.78
1941.9,,5213.1,31.81,713.31,822.53
1888.2,5073.6,5073.6,28.841,697.26,801.84
1836.2,4938.7,4938.7,30.367,681.8,781.94
1785.9,,4808.2,30.138,666.92,762.63
1737.1,4682,4682,29.17,652.64,743.86
1689.8,4562.3,4562.3,27.546,640.08,725.63
1644,,4445,26.735,627.34,707.96
1599.7,4328.5,4328.5,24.04,613.63,690.86
1556.6,4216,4216,24.04,600.68,674.3
1515,4106.7,4106.7,22.63,588.09,658.25
1474.5,4000.9,4000.9,21.87,575.97,642.68
1435.4,3898.4,3898.4,20.153,564.23,627.58
1397.5,3798.9,3798.9,23.525,552.74,612.9
1360.8,3702.5,3702.5,22.556,541.38,599.96
1325.3,3624.9,3624.9,18.973,530.18,629.57
1300.8,3826.1,3826.1,21.718,519.1,1027.9
1475.2,6037.5,6037.5,21.254,509.69,4066.7
1768.9,,12434,20.231,534.4,9635.6
1718.5,13851,13851,19.855,546.81,9873.3
1479.6,,9624.2,19.265,517.99,6122.9
1320.4,,7039.5,18.417,494.07,3820.3
1195.6,4786.1,4786.1,16.777,472.32,1934.3
1133.4,3708.6,3708.6,19.436,456.41,1102.5
1095.7,,3314.9,13.779,445.22,849.63
1067.6,3221.1,3221.1,13.892,436.47,826.97
1042.7,3156,3156,13.553,428.3,816.36
1019.2,3084.8,3084.8,14.552,420.3,795.28
989.29,2939.9,2939.9,14.118,412.51,666.61
958.53,,2630.4,14.785,403.4,454.67
939.03,,2551.4,13.592,395.61,433.27
921.21,2498.7,2498.7,14.747,388.4,424.93
917.99,2458.2,2458.2,14.44,381.36,416.97
929.83,2437.6,2437.6,14.082,374.47,409.26
925.07,2406.7,2406.7,13.82,367.75,401.76
894.46,,2346.5,14.257,361.17,394.39
860.47,2281.8,2281.8,13.863,354.7,387.12
832.96,2224.5,2224.5,12.767,348.36,380.01
810.64,2173,2173,12.985,342.11,373.07
793.42,2127.5,2127.5,12.215,335.95,366.28
778.56,2085.1,2085.1,12.049,329.86,359.58
764.52,2044.1,2044.1,12,323.89,353.01
750.81,2004,2004,11.528,318.03,346.58
736.85,,1964.5,11.36,312.25,340.23
722.75,1925.2,1925.2,10.951,306.55,333.98
709.47,1887.3,1887.3,10.688,300.92,327.87
697.06,1851,1851,10.237,295.38,321.88
684.96,1815.4,1815.4,10.104,289.93,316.04
673.06,1781,1781,9.9311,284.61,311.02
661.41,1748.4,1748.4,9.814,279.45,307.48
650.1,,1716.1,9.902,274.44,302.98
639.1,1682.6,1682.6,8.3328,269.56,296.65
628.42,1649.7,1649.7,8.1511,264.87,290.45
618.09,1618.2,1618.2,8.0609,260.35,284.74
608.11,1588.2,1588.2,8.3834,255.99,279.54
598.47,1559.5,1559.5,7.4744,251.76,274.79
589.08,,1531.8,6.9787,247.65,270.34
579.91,,1504.9,9.2295,243.65,266.01
571.02,1478.7,1478.7,7.3768,239.72,261.77
562.36,1453,1453,7.4584,235.84,257.61
553.88,1428,1428,9.902,232.04,253.52
545.68,,1403.9,7.1863,228.33,249.61
538.93,1381.3,1381.3,7.0382,224.72,245.83
533.67,1361.4,1361.4,6.6312,221.21,242.15
526.06,1339.9,1339.9,9.2295,217.79,238.58
516.86,,1316.5,6.775,214.41,235.07
508.56,1294.5,1294.5,6.6036,211.09,231.59
500.56,1273,1273,6.3863,207.87,228.16
493.26,,1252.5,6.464,204.71,224.77
486.39,1232.9,1232.9,6.3932,201.61,221.48
479.76,1214,1214,6.2998,198.58,218.31
473.26,,1195.6,6.891,195.61,215.3
466.93,1177.8,1177.8,6.1981,192.73,212.39
460.71,,1160.5,6.1375,189.93,209.57
454.9,1144,1144,6.0612,187.22,206.89
451.73,1130.3,1130.3,5.9288,184.6,204.27
504.31,1160.5,1160.5,5.8663,182.06,201.68
625.05,1272.4,1272.4,5.7213,179.56,202.89
686,1388.1,1388.1,5.465,177.08,289.1
673.91,1593.2,1593.2,5.5715,174.61,504.84
730.8,1903.5,1903.5,5.465,172.17,768.5
763.06,2013.9,2013.9,5.2541,169.74,808.17
662.26,1765.3,1765.3,5.1576,167.35,610.99
570.12,1527,1527,5.3591,165.86,546.56
560.59,1632.6,1632.6,5.2966,165.49,669.07
624.3,1771.6,1771.6,4.651,173.57,737.77
692.72,,2089.1,5.245,195.99,1030.4
655.23,,2365.1,5.2698,200.5,1282.9
638.7,2422.6,2422.6,4.8216,189.95,1395.6
641.67,2673.9,2673.9,5.0936,188.46,1656
567.71,,2622.4,4.5102,178.38,1554.3
508.03,2105.1,2105.1,4.4444,164.25,1112.1
470.19,,1606.2,3.936,155.27,699.96
436.79,,1286.1,4.4411,148.94,447.28
407.22,1083.8,1083.8,4.4033,145.04,303.97
393.18,,992.58,4.349,142.54,249.13
407.26,,990.71,4.281,140.35,251.01
431.5,,1113,4.2272,138.94,392.81
418.81,,1322.1,4.1208,138.07,583.18
386.21,1273.6,1273.6,3.3099,135.55,519.86
366.49,1064.2,1064.2,3.3099,132.83,358.44
350.53,,944.35,3.1012,130.64,261.57
341.08,856.27,856.27,3.101,128.74,193.39
335.64,819.52,819.52,3.0706,127.06,165.1
332.07,,810.71,3.0642,125.52,170.03
330.03,1043.8,1043.8,3.0471,124.27,477.38
333.46,1281.6,1281.6,3.0279,123.07,677.72
339.53,,1205,2.9289,121.57,508.9
356.5,1081.6,1081.6,2.9623,120.07,377.8
383.6,1152.7,1152.7,2.8289,118.59,535.48
428.22,,2008,3.0279,117.05,1558.5
468.52,4006.6,4006.6,3.0279,116.15,3542.6
530.41,5395.9,5395.9,2.774,114.96,4748
538.36,,5577.3,2.7,113.16,4585.4
452.24,4517,4517,2.7333,111.6,3486.3
386.19,2971.2,2971.2,2.5722,110.72,2138.2
339.8,2049.5,2049.5,2.5794,109.69,1292.3
314.92,,1357.5,2.5034,109.52,737.43
309.91,,1521,2.765,115.9,1181.1
350.65,3573.1,3573.1,2.765,262.84,3065.5
405.67,,4908.1,2.765,347.87,3864.9
556.17,,4377.8,2.6263,260.91,3288.7
802.62,4416.6,4416.6,11.891,208.74,3064.3
1185.7,7711.3,7711.3,7.426,329.79,6847.4
1413.2,12761,12761,5.911,404.05,10810
1241.5,11533,11533,32.702,294.15,8559.2
1033.8,,7251.5,18.973,239.34,5191.6
786.1,4813.9,4813.9,12.985,184.55,3124
548.07,2893.4,2893.4,7.993,146.51,1782.7
423.45,2004.7,2004.7,16.311,131.87,1109.2
358.47,1497.2,1497.2,16.625,114.94,771.02
354.86,1300.7,1300.7,32.989,108.75,627.06
377.54,,1199,36.592,105.59,529.41
365.68,1143.6,1143.6,32.169,104.19,525.85
325.88,995.19,995.19,24.04,95.959,377.34
302.01,772.76,772.76,18.973,94.033,229.65
281.97,,703.61,17.306,93.681,187.39
268.42,666.43,666.43,13.863,92.613,166.99
263.33,651.63,651.63,12.152,92.134,149.08
261.5,653.06,653.06,11.362,91.503,133.83
262.14,652.04,652.04,9.902,92.008,122.73
262.07,641.2,641.2,9.2295,91.991,119.71
258.66,,626.76,8.5941,90.882,118.47
254.37,,618.1,7.7114,90.133,116.55
251.45,613.46,613.46,7.792,89.361,118.69
248.99,,607.06,7.6251,88.662,124.75
246.98,593.39,593.39,7.4139,88.017,121.65
245.29,577.13,577.13,7.1606,87.387,114.39
243.72,566.07,566.07,5.0451,86.752,109.85
243.53,,564.24,4.5568,86.276,113.17
248.38,,597.74,3.9318,88.693,130.23
272.89,,688.6,3.7765,89.853,154.24
304.09,834.07,834.07,3.7487,88.596,270.99
334.15,1226.6,1226.6,3.7161,111.2,583.36
366.03,,1397.9,3.6387,123.65,660.59
360.17,1199,1199,3.0279,108.6,500.19
323.55,1139.1,1139.1,2.7231,98.861,545.87
311.39,,1240.2,2.7019,91.791,743.94
306.37,,1570.8,2.6239,88.649,1037
285.82,1801.8,1801.8,2.598,108.93,1287.1
280.68,2001,2001,1.9305,124.21,1428
289.59,,2219.8,1.4305,110.97,1570.3
318.51,,2281.9,1.5403,99.11,1498.4
339.54,2010.1,2010.1,1.0449,89.024,1073
354.5,1601.2,1601.2,1.2075,81.85,646.34
365.38,1418.8,1418.8,1.1909,79.102,391.23
353.39,1239.1,1239.1,1.148,78.334,248.31
345.08,1144.3,1144.3,1.1559,78.427,190.06
336.91,1094.3,1094.3,1.1218,78.141,173.99
358.26,1113.7,1113.7,1.0409,77.396,188.41
462.67,1518.3,1518.3,1.0994,78.781,532.06
938.79,,3256.7,0.77803,139.29,1755.4
1431.4,,7369.2,29.206,179.2,5645.1
1749.1,12163,12163,139.58,167.7,9473.1
1838.8,13587,13587,88.911,196.33,11100
1788.7,19151,19151,54.703,223.39,17903
2204.9,,29549,42.458,213.67,27024
2501.5,,33455,59.281,222.16,29318
2554.1,40548,40548,88.911,412.26,39499
2578.4,,59976,95.829,493.15,57784
4792.1,,74518,12635,492.42,64794
16018,100060,100060,17784,718.74,70734
43896,162950,162950,8588.3,711.54,73991
67356,216770,216770,4008.2,499.5,63367
70956,,221160,2325.2,371.68,44947
66187,198420,198420,1307.5,285.85,29140
58133,179590,179590,970.84,327.79,30446
51402,,170460,889.03,406.84,39509
46660,161300,161300,823.44,399.25,40131
43117,143890,143890,693.41,356.59,30612
40436,,124480,470.05,331.28,18887
38269,110490,110490,375.96,315.74,11369
36219,,98956,285.67,306.97,6439
34058,,89908,296.1,313.84,4436.1
32554,,83581,239.65,324.18,4018.6
31737,,79853,256.67,332.15,4439.6
31454,79124,79124,255.26,343.97,6625.4
31504,,80124,547.05,360.38,8291.6
31680,,80228,437.91,375.08,7616.9
31571,79447,79447,330.53,374.79,6132.5
31122,79111,79111,407.77,367.89,5325
30453,78613,78613,573.88,364.61,5158.5
30429,,81391,5594.9,441.74,6375.5
32930,,98019,9384.5,526.85,8329.5
37930,137530,137530,9379.3,583.69,8790.3
43023,203120,203120,7699.4,656.61,12129
49926,290120,290120,8893.8,686.35,17261
59170,,365450,7948.2,670.66,18046
67882,398980,398980,6586.3,648.66,16882
76352,396150,396150,3051.4,641.67,14151
83802,373710,373710,2119.9,627.49,10668
88971,345480,345480,1718,635.03,10147
90958,316620,316620,1243.7,650.08,10065
89357,289240,289240,1331.6,662.35,9691.2
86317,,267460,1841.2,713.2,9658.1
83981,253780,253780,3074.1,752.08,9380.4
86549,251650,251650,4599.4,760.32,10165
98144,,266880,3898.2,773.09,16071
112840,288460,288460,2935.3,777.63,21962
122220,297230,297230,3249,920.35,23157
127210,297010,297010,3940.8,1039.4,22963
133920,,302220,7389.1,1330.6,21770
143960,316830,316830,5022.6,1549.9,20469
153260,334910,334910,3669.1,1695.9,24045
158230,345200,345200,2831.8,1872,27221
158160,337160,337160,2304.3,1814.3,22648
154440,325850,325850,1562.8,2041.6,27751
147960,319770,319770,1647.6,2235.1,35966
139520,298170,298170,1800.8,2302.4,29290
130870,271330,271330,1536.3,2417.3,20980
123230,255330,255330,1651.4,2494.7,22171
118540,,259070,2540.6,2635.7,37754
118600,277920,277920,2221.4,3095.5,55824
123910,308770,308770,5026.8,3589.1,77977
135770,373750,373750,4773.4,4030.4,112020
153390,437210,437210,5546.3,4548,126740
170120,,472890,5241.7,4889.3,117420
188630,490480,490480,4888.1,5160.3,102280
219350,527810,527810,4845.5,5545.5,107560
251190,,584400,4770.6,5931.1,122230
270040,612930,612930,5884.3,6385.5,119890
281200,,624650,7520,6964.9,108360
300870,649750,649750,10842,7482,93467
345210,712390,712390,7067.9,8236,86718
404910,797810,797810,5053.6,9316.9,87310
444070,833450,833450,3856.4,10224,79048
444940,802290,802290,2739.6,10596,64469
418890,,741540,11168,10572,51924
386400,708150,708150,25077,10395,43290
375780,,780090,16551,10566,48859
391440,,897900,8239.4,11382,58838
406980,956080,956080,9227,12495,75968
410090,,942980,6845,13519,86096
405320,886010,886010,4452.5,14218,78898
390800,812930,812930,3655.7,14458,70915
365160,733380,733380,3574.9,14272,59121
333710,656530,656530,2802.3,13789,48985
301410,,588750,2241.8,13171,42291
271340,528420,528420,1772.9,12515,37414
244740,474970,474970,1361.7,11867,33917
221370,,425880,1291.6,11228,30937
200920,382740,382740,1137.1,10592,28802
183360,347900,347900,1255.4,9980.4,28391
168220,321190,321190,1392.8,9457,30492
154960,298580,298580,1731.2,9042.7,30967
143230,276200,276200,1228.7,8696.3,28002
132750,,254830,1362,8404.6,23785
123470,,236310,1027.3,8168.1,20757
115120,221530,221530,909.26,7920.6,20011
107690,208640,208640,858.37,7669.8,20012
101100,197410,197410,750.93,7389.9,20732
95251,189520,189520,998.86,7130.8,22788
89952,181280,181280,1012.3,6914.2,22966
84981,172260,172260,1219.5,6685.9,21262
80349,164280,164280,970.84,6541.2,20094
76117,159100,159100,1143.5,6468.9,21414
72160,157100,157100,1070.6,6372.3,24553
68584,,154880,1201.4,6231,28012
65430,,154060,950.07,6077.3,31110
62268,151780,151780,1112.7,5954.5,33597
59098,153650,153650,1088.5,5813.1,40845
56035,157860,157860,785.22,5620.9,48045
53217,150090,150090,586.14,5434.5,43741
50583,133540,133540,476.69,5246.3,31857
47833,118060,118060,374.54,5058,23230
45207,113280,113280,417.89,4893.8,26399
42864,124670,124670,439.09,4743.3,42583
40671,,134800,577.29,4833.1,52882
38637,,124190,536.47,4906.7,43879
36967,109140,109140,402.67,4913.6,32804
36682,133240,133240,541.75,5338,74903
39553,236760,236760,631.13,5818.5,175470
48480,319370,319370,553.08,6315.8,224070
65865,300260,300260,504.43,6830.1,180650
87988,261710,261710,615.82,7200.6,121360
116660,250960,250960,658.19,7456.1,88856
152930,278900,278900,512.27,7744.9,83363
164080,,300670,589.4,8011.6,89333
146550,289440,289440,495.47,8189.6,92358
126840,259980,259980,506.04,8393.4,82410
110490,239800,239800,460.16,8637.7,87723
100390,,252930,586.04,8865.6,107760
94693,242820,242820,705.34,8982.1,100750
91407,,229950,559.91,9044.5,93029
87924,215340,215340,458.83,8942.7,79113
83632,184350,184350,408.74,8724.7,56014
78534,166820,166820,327.25,8507.6,45697
72745,,151200,346.95,8281.5,37952
67743,139020,139020,430.51,8020,32454
63264,128580,128580,380.43,7789.8,28358
59104,120230,120230,374.24,7553.1,25721
55169,111800,111800,346.15,7279.8,22613
51491,103410,103410,324.24,6991.6,19881
48066,,96684,278.07,6685.8,18124
44890,89854,89854,228.18,6377.1,16207
41971,84245,84245,202.5,6074.3,15071
39283,79038,79038,194.21,5781.1,14005
36800,74121,74121,197.02,5494.3,12962
34502,69546,69546,190.57,5217.8,12034
32376,,65329,179.35,4952.9,11211
30421,61429,61429,182.33,4701.2,10464
28640,57860,57860,159.74,4466.9,9788.7
27037,54632,54632,149.75,4252.3,9187.5
25596,,51720,134.03,4055.9,8655.4
24285,49059,49059,135.07,3873.2,8176.2
23073,46593,46593,124.53,3702.6,7737.4
21945,44303,44303,118.62,3543.6,7338.9
20907,42290,42290,106.81,3398.3,7096
19943,,40451,103.63,3263.5,6852.3
19035,,38596,100.39,3136.1,6474.6
18196,,36836,100.57,3016.7,6120
17419,35246,35246,95.717,2903.2,5798.8
16698,33807,33807,91.732,2795.4,5515.4
16021,,32467,91.19,2692.9,5266.4
15381,31201,31201,94.545,2595.2,5040.6
14788,30081,30081,97.007,2508.1,4851.7
14528,30288,30288,138.74,2434.3,5192.2
14322,31681,31681,150.99,2359.1,5820
13975,32786,32786,207.49,2276.6,5930
13623,33275,33275,184.52,2194.6,5638
13123,32785,32785,193.98,2115,5075.3
12610,,31579,165.79,2038.2,4442.8
12100,30205,30205,134.76,1964,3983.8
11612,28842,28842,118.03,1892.3,3678.3
11150,27576,27576,110.39,1823.3,3476.2
10713,,26408,98.188,1757.4,3326.8
10300,,25321,86.66,1694.4,3198.9
9896.4,24250,24250,91.19,1634.4,3057.2
9518.7,23217,23217,84.435,1577.6,2917.7
9157.8,22231,22231,80.067,1523.8,2793
8817.3,21296,21296,103.16,1472.3,2679.5
8497,20425,20425,77.618,1423.4,2579.9
8199.7,,19619,67.988,1378.5,2489.3
7927.4,18878,18878,68.667,1338,2406
7677,18194,18194,65.212,1300.6,2328.9
7443.3,17555,17555,62.177,1265.3,2256.9
7222.3,,16962,60.91,1231.2,2211.2
7011.5,16589,16589,59.474,1198.4,2358.3
6809.2,,16146,56.895,1166.5,2366.8
6614.2,,15504,58.482,1135.4,2166.3
6426.3,,14938,57.159,1105.5,2048.4
6245.7,14395,14395,56.26,1077.1,1926.8
6072.5,13907,13907,55.286,1050,1844.9
5906.1,,13461,55.982,1024,1783.4
5746,,13045,55.322,998.86,1732.7
5591.8,12648,12648,47.27,974.76,1684.1
5443.5,12270,12270,47.27,951.7,1637.7
5300.7,11909,11909,50.102,929.62,1592.8
5163.3,11555,11555,48.149,908.49,1541.3
5030.9,11223,11223,46.492,888.14,1500.8
4903.2,10906,10906,45.455,868.45,1462.1
4779.9,10601,10601,44.883,849.34,1425
4661,,10309,39.032,830.81,1389.5
4546.5,10030,10030,38.012,812.89,1355.5
4436.3,,9764.5,39.032,795.57,1322.9
4330.3,,9509.7,37.367,778.7,1291.2
4227.9,9264,9264,32.585,762.19,1260.3
4128.7,9026.2,9026.2,32.68,746.03,1230.1
4032.3,,8795.5,32.573,730.25,1200.7
3938.4,8571.6,8571.6,35.382,714.85,1172
3847,8353.9,8353.9,32.098,699.79,1144
3759,8145.2,8145.2,26.638,685.06,1121.3
3695.4,,8016.1,27.164,670.71,1209.6
3648.1,,8174.3,26.844,656.91,1464.4
3565.2,8076.3,8076.3,25.82,643.77,1465.6
3465.8,7665.1,7665.1,24.807,631.26,1260.5
3380.2,7491.5,7491.5,30.436,621.79,1323.5
3311.9,9840.3,9840.3,27.736,676.51,4875
3300.5,17094,17094,30.466,883.84,11458
3259.7,,20334,29.643,942.84,13815
3164.4,19297,19297,30.97,807.18,12785
3082.6,16509,16509,29.542,715.48,9669
3003.4,11620,11620,28.956,636.54,5502.7
2934.3,9160,9160,32.017,594.91,3396.8
2872.4,7659.2,7659.2,47.27,576.92,2233.4
2815.9,7107,7107,37.854,569.26,1833.1
2760.8,,6790.5,37.933,562.44,1652
2706.9,6585.1,6585.1,37.952,555.4,1551.8
2653.8,,6310.3,35.507,545.79,1336.7
2599.7,,5880.7,33.755,530.27,1065.1
2549.9,5657.1,5657.1,33.665,522.01,932.26
2530,5434.2,5434.2,30.255,515.09,815.14
2530.3,,5377.1,29.949,508.25,800.22
2533.2,,5315.7,29.194,501.44,784.94
2531.5,,5269.2,28.155,494.66,766.85
2477.3,,5176.5,27.433,487.86,748.84
2394,,5024.9,24.745,481.03,732.7
2306.2,4874.5,4874.5,23.469,474.23,719
2221.6,,4724,23.472,467.42,705.53
2158.9,,4605.9,22.227,461.31,692.35
2107,,4511.6,23.158,454.75,679.45
2063.1,,4444.2,21.56,447.53,666.76
2022.1,4371.4,4371.4,21.227,440.6,654.32
2001.4,,4282.8,21.011,433.54,642.17
2007.2,4223,4223,18.895,426.71,630.36
1982,4146.8,4146.8,20.09,420.03,618.92
1919.4,4034,4034,19.886,413.52,607.84
1861.5,3929,3929,19.25,407.09,597.08
1818.3,3851.6,3851.6,19.673,400.76,605.44
1838.6,4119.7,4119.7,19.258,395.02,1075
1887.2,5396.2,5396.2,19.699,398.53,2334
1876.4,,6261.7,17.874,398.95,3037.8
1839.7,6013.8,6013.8,18.586,388.11,2825.7
1844.6,5795.6,5795.6,18.445,378.37,2564.5
1888.6,,5478.6,18.029,369.29,2251.3
1851.1,,4945.6,17.163,361.8,1780.6
1732.2,4305.1,4305.1,16.748,355.62,1261.6
1632,,3808.3,16.41,350.11,958.61
1556.3,,3575.9,14.237,344.78,834.33
1505.3,3416.3,3416.3,15.816,339.53,755.44
1469.9,3258.2,3258.2,15.626,334.38,661.45
1448.3,,3130,14.799,328.92,588.14
1435.6,3052.5,3052.5,14.764,323.83,549.09
1415,,2982.2,14.286,318.94,517.82
1382.8,2890.8,2890.8,11.93,314.13,484.54
1354.4,,2822.9,11.93,309.43,481.14
1350.9,2869,2869,11.234,304.85,548.99
1354.4,2880,2880,11.848,300.43,557.7
1334.3,2779.8,2779.8,11.931,296.1,496.62
1296.7,2698,2698,11.627,291.85,462.54
1270.1,,2622.3,11.358,287.66,431.2
1253.1,,2565.8,11.001,283.55,414.52
1224.7,,2507.7,9.3424,279.51,405.04
1194,2448.5,2448.5,8.8875,275.52,398.67
1169.2,2399,2399,8.4382,271.6,392.96
1147.5,2353.9,2353.9,7.0812,267.73,387.43
1128.9,2313.1,2313.1,7.0231,263.9,381.18
1111.8,,2272.5,6.8561,260.16,375.18
1095.7,2277.1,2277.1,6.7531,257.03,430.27
1081.5,2338.9,2338.9,8.2344,253.91,511.61
1068.8,2333.5,2333.5,6.6099,250.2,511.46
1054.5,,2249.8,7.7223,246.52,460.82
1039.7,,2179.5,6.4201,242.98,417.38
1026.2,2114.9,2114.9,5.9058,239.62,381.72
1014.8,2068.4,2068.4,6.2002,236.42,370.85
1014.8,2115,2115,5.93,233.33,457.23
1022.5,,2279.8,5.9295,230.3,599.07
1012.2,2271.1,2271.1,5.1902,227.31,580.57
992.7,2118,2118,5.1264,224.35,470.93
977.04,,2025.8,5.0959,221.42,404.37
957.74,1933.9,1933.9,5.3034,218.57,348.76
940.58,1878.2,1878.2,4.8776,215.8,324.62
927.07,1845.6,1845.6,4.2433,213.11,318.95
915.3,1831.8,1831.8,4.8236,210.44,326.73
904.84,,1812.5,4.4953,207.81,325.54
894.98,1782.3,1782.3,3.8681,205.23,314.81
884.99,1758.4,1758.4,3.8094,203.55,308.42
877.1,1755.4,1755.4,3.7322,220.61,309.48
899.34,1780.7,1780.7,4.1858,229.59,310.88
932.44,,1787.5,3.7163,216.21,299.8
943.43,1794.7,1794.7,3.8939,208,293.13
922.9,1827,1827,3.3928,201.68,373.01
887.77,1918.7,1918.7,4.5294,197.38,513.71
875.17,2051.2,2051.2,4.8128,211.85,623.71
858.01,2089.8,2089.8,4.2889,219,642.72
832.25,,1957.2,4.1557,204.68,538.95
814.31,1940.2,1940.2,3.9378,196.68,619.16
808.28,,2644,3.6191,220.36,1561.7
833.09,,3981,3.8341,239.12,2820.1
847.53,5567.8,5567.8,3.6191,220.14,4303
854.35,6991.4,6991.4,4.0168,202.83,5982.1
882.23,8264.5,8264.5,7.5638,188.73,6750.5
857.78,7152.2,7152.2,7.4373,177.81,5312
803.22,4598.2,4598.2,7.3194,172.15,3043.3
769.29,3238,3238,6.4168,168.34,1783.2
742.79,,2284.5,6.044,166.07,984.49
727.76,1909.1,1909.1,5.9691,164.16,694.54
718.31,1794.6,1794.6,5.923,162.35,622.67
710.67,,1766.5,5.8087,159.25,598.49
702.02,,1733.7,5.7247,157.04,587.61
694.39,1786.4,1786.4,5.6124,156.23,671.22
690.92,2003.1,2003.1,5.8813,155.15,875.98
685.52,,2339.7,5.4748,153,1267.5
676.25,2554.7,2554.7,5.3577,151.13,1446.7
667.09,2322.3,2322.3,5.2698,154.16,1138.1
657.84,1931.2,1931.2,5.6264,154.83,785.1
649.4,1616.4,1616.4,5.1009,150,505.11
641.85,,1465.4,5.0063,146.49,413.91
634.87,1462,1462,5.3799,143.08,426.09
628.12,1424.5,1424.5,4.8585,140.55,386.85
621.41,1343.9,1343.9,5.0567,138.58,326.95
614.77,,1291.7,5.3666,136.87,283.58
607.93,1237.1,1237.1,4.8885,135.23,244.82
601.21,1192.3,1192.3,4.6444,133.63,211.22
594.59,1162.8,1162.8,4.8467,132.03,197.11
588.07,1146.5,1146.5,4.6892,130.25,192.78
581.89,1140.4,1140.4,4.6889,129.12,199.08
582.7,1312.7,1312.7,4.5679,137.01,421.51
591.17,2061.3,2061.3,4.4808,141.52,1373
588.54,3165.5,3165.5,4.2646,134.94,2303.3
574.04,,3175.7,4.2733,129.55,2078.3
560.59,,2381,4.2314,124.69,1395.5
549.12,1915.1,1915.1,4.2675,121.35,941.58
540.26,,1517.1,4.1593,119.26,588.02
534.58,,1256.8,4.0406,117.81,370.52
558.32,,1242.2,4.1936,117.4,397.58
640.76,2777.1,2777.1,3.8083,137.4,2742.7
687.68,7785.7,7785.7,4.0513,149.81,7152.5
663.3,9877.2,9877.2,14.033,155.09,8720.9
637.41,9223.2,9223.2,8.9349,183.4,8100.8
594.95,,7957.1,3.1264,191.89,6308
546.84,5008.1,5008.1,2.7667,168.91,3734.7
517.58,3338.7,3338.7,2.7693,142.08,2195.8
499.3,,2101.7,2.7149,124.57,1162.5
490.59,,1623.9,2.6411,113.56,768.1
526.63,1473,1473,1.7482,109.07,652.85
582.85,1963.4,1963.4,1.7482,110.34,1317.9
589.53,3234.7,3234.7,1.3553,110.25,2451.8
572.96,3663.3,3663.3,1.2198,110.41,2680.1
542.68,3342,3342,1.1907,109.31,2293.1
504.46,2666.8,2666.8,0.82669,104.26,1627.9
516.99,1907.7,1907.7,0.80451,102.8,1011.6
555.74,2110.1,2110.1,0.73242,108.81,1346.1
544.79,,2788.5,0.72894,115.43,2016.7
513.27,,3305.8,0.81558,113.92,2398.5
492.07,3425.3,3425.3,0.76357,122.27,2585.1
498.56,6578.8,6578.8,0.73246,136.8,6922.6
587.12,,14142,0.71895,259.27,13837
670.99,,17058,1.0182,336.67,15401
1058.3,,16569,7.6305,506.57,14279
1256.2,14514,14514,3.0565,592.83,11401
1001.2,,10586,1.718,429.95,8445
831.71,10057,10057,1.3478,339.19,8561
723.37,11675,11675,0.77847,267.08,10391
720.97,13577,13577,0.69294,233.28,13072
815.3,,18581,0.68043,217.14,17150
1270.9,20319,20319,5.4843,215.56,18371
1588.6,21445,21445,9.7879,195.01,18933
1418.4,20599,20599,11.572,190,17845
1250.9,16501,16501,13.359,200.26,14014
1446.1,14315,14315,94.004,193.11,11700
1802.6,13130,13130,254.36,219.56,10401
1886.4,15184,15184,102.14,239.92,13260
2424.6,24438,24438,196.44,377.52,22040
3389.5,,31084,173.87,453.55,25273
4104,26638,26638,154.39,376.9,19458
5755.9,32254,32254,243.34,430.31,26593
12485,,64242,248.82,438.61,59683
21135,145250,145250,1021.8,376.49,139230
28060,,242970,633.3,342.66,216500
36629,258110,258110,391.72,319.52,207830
44213,,209040,327,316.78,151600
47849,,160400,241.09,323.48,100040
48414,,121090,173.35,363.22,63101
47087,99361,99361,118.81,380.74,44814
44792,,85592,103.38,369.12,34060
42317,76076,76076,79.766,364.93,27426
40110,,69055,62.84,355.49,22902
37975,,62764,55.048,352.44,18797
36026,55928,55928,48.523,351.26,13880
34219,49424,49424,44.6,348.94,9933.2
32525,46242,46242,32.538,357.32,8840.8
30910,44050,44050,29.769,364.42,8346.7
29328,,42574,25.991,371.25,8595.9
27897,41053,41053,22.405,371.72,8809.4
26647,,40163,24.431,376.02,9150
25522,,39054,19.876,375.55,9010.4
24589,37210,37210,31.16,370.56,8353.8
24104,37295,37295,20.473,377.56,8864.7
23700,38025,38025,22.972,376.29,10163
23897,,43592,114.88,435.2,14525
27586,58487,58487,2176.8,473.3,26123
34177,85342,85342,1343.2,445.21,41632
40517,98327,98327,740.98,416.23,41162
45324,91565,91565,626.79,383.7,28640
48121,88663,88663,389.47,454.82,23460
49151,91704,91704,282.84,504.58,26370
48921,95934,95934,215.01,486.18,29561
48030,93103,93103,172.31,474.5,28175
46828,93934,93934,143.76,465.4,31535
45534,,93371,117.51,467.67,31698
44169,84814,84814,97.228,482.92,24396
42672,,76793,91.239,495.34,18570
41219,72115,72115,84.275,517.35,16092
41122,74697,74697,84.275,677.14,20382
42144,88098,88098,158.5,744.82,31854
43292,110510,110510,632.5,924.78,55314
45122,146070,146070,631.68,1136.7,85145
48021,,170340,517.83,1358.7,102220
52984,179190,179190,365.9,1626.1,102150
60101,,176370,930.83,1854.2,88313
68034,,176570,5734.9,2778.3,79869
75970,192130,192130,6256.3,5355.3,73533
84382,207830,207830,3058.4,10381,66350
92139,226340,226340,1772.4,14998,64764
97443,,228460,2109,16910,57308
101240,228360,228360,2452.5,17269,53077
104090,228370,228370,3158.8,16711,46604
106150,224090,224090,2187.6,15840,36667
112610,227130,227130,1813.9,14967,29878
137370,246490,246490,1770.4,14174,25499
187060,292310,292310,2199.4,13451,23277
252890,,354810,1277.5,12770,21647
316640,420290,420290,1139.4,12117,22793
347740,,455940,915.07,11417,23621
337760,445790,445790,1962.2,10802,22635
317060,431540,431540,4399.1,11184,30076
324510,494460,494460,11343,15498,81992
382210,,691050,5927,24663,201550
462480,,935180,3205.4,32386,308970
511070,,998770,1810.1,34906,284340
500420,897580,897580,1351.5,34131,198080
450600,775930,775930,1419.3,31456,138940
394380,655100,655100,2108,28413,93887
346130,,574220,2366,25860,79333
316510,542090,542090,2192.1,24068,91122
311730,,560060,1878.3,22915,128570
332950,,621740,1361,22105,172320
363490,664430,664430,1349.7,21271,178410
377040,651940,651940,1485.5,20346,157750
370210,,642640,1901.4,19693,167280
355460,646600,646600,3047.3,19267,183060
338490,609740,609740,3596.7,19051,157660
318800,553810,553810,3091.7,19256,123190
297260,,509610,2175.8,19898,98288
275620,,468050,1593,20443,78741
254470,433820,433820,2764,20388,67225
234080,403200,403200,1785.7,19852,59529
214230,373010,373010,1421.3,19012,53213
195220,,343620,1223.5,18008,47841
177620,316090,316090,886.05,16932,43425
161520,,293960,668.43,15851,44810
146930,282930,282930,589.46,14806,52360
134190,265360,265360,478.9,13814,50934
123190,,243520,398.65,12887,46477
113380,227630,227630,400.73,12025,44083
104720,,207600,342.43,11253,37525
96997,,191300,314.02,10613,33359
90086,176400,176400,291.26,10191,28921
83883,162380,162380,240.26,9977.5,25108
78139,153600,153600,231.45,9871.8,24935
72882,144940,144940,210.27,9736.8,23798
68073,134880,134880,196.44,9474,21464
63552,,126770,177.29,9108.7,20498
59324,118720,118720,155.24,8677.9,18847
55412,109480,109480,161.52,8218.5,16036
51745,101190,101190,148.26,7752.9,13871
48287,94014,94014,144.01,7296.7,12418
45043,87486,87486,138.97,6859.1,11282
42016,81435,81435,135.22,6439.5,10406
39210,76620,76620,136.39,6047.7,10208
36692,71839,71839,131.57,5682.4,9798.9
34421,,68073,128.24,5342.5,9851.4
32246,64407,64407,92.983,5034.2,9670
30225,60669,60669,91.048,4754.3,9328
28447,58224,58224,92.554,4544.3,10137
26848,,58140,93.615,4348.6,13316
25433,62509,62509,92.254,4204.1,19386
24198,63592,63592,124.19,4173.9,21222
23174,,60231,142.28,4121.7,19332
22391,,62400,171.08,4072.6,24236
22998,78885,78885,155.86,4046.8,44593
25043,,110860,154.01,4009.2,68357
25479,110190,110190,161.52,3972.2,60393
24312,83701,83701,203.58,3913.8,37037
23324,69337,69337,185.47,3828.4,23685
22399,56831,56831,165.31,3717.3,13521
21581,50350,50350,144.25,3593.5,9019.5
20833,47006,47006,125.08,3461.1,7403.5
20070,45051,45051,106.39,3325.9,6978.5
19261,43165,43165,98.445,3194,6643.3
18441,41143,41143,88.369,3065.1,6113.7
17579,38696,38696,83.914,2940.7,5042.1
16702,35661,35661,73.428,2819.5,3877.4
15904,33983,33983,63.23,2701.4,3717.8
15145,32380,32380,58.767,2586.4,3565.2
14413,30838,30838,66.08,2475.8,3488.9
13727,,29756,62.84,2371.8,3692.5
13097,,28556,60.849,2275.9,3639.7
12523,27117,27117,61.928,2187.3,3378.1
11994,26128,26128,61.209,2104,3389.1
11500,25029,25029,59.919,2024.6,3284.1
11036,24180,24180,47.714,1948.7,3340.6
10598,23273,23273,48.029,1876.6,3225.1
10188,,22013,44.22,1809.1,2808.4
9813.1,21040,21040,46.063,1759,2593.4
9466.6,20516,20516,45.786,1708.3,3037.3
9187.9,21690,21690,44.616,1646.3,4918.3
8972.3,,22708,42.658,1588.7,6012.9
8676.6,21314,21314,42.209,1532.3,5024.4
8335.5,19396,19396,37.174,1479,3830.9
8033,,18003,40.845,1428.4,3024.5
7745.7,,16786,35.526,1380.1,2408.1
7483.5,15856,15856,37.587,1333.4,2039.5
7237.9,15200,15200,31.527,1288.4,1883.9
7004.9,14630,14630,30.736,1245.1,1782.2
6780.1,,14109,30.256,1202.9,1708.9
6561.8,13607,13607,29.581,1162.6,1625.5
6347.7,13064,13064,31.434,1123.9,1497.2
6139.5,12561,12561,29.253,1086.6,1408.1
5941.6,,12128,27.731,1050.9,1357.8
5751.3,11712,11712,27.774,1016.6,1307.3
5568.1,11310,11310,27.462,983.56,1257.8
5391.5,10928,10928,27.229,951.54,1214.3
5220.7,10561,10561,25.581,920.49,1172.3
5055.4,10205,10205,23.517,890.31,1131.7
4895.8,9863.3,9863.3,25.065,861.29,1092.4
4743.4,9537.7,9537.7,24.305,834.21,1054.9
4599.9,,9232.2,22.89,809.48,1019.5
4465.4,8947.5,8947.5,21.923,786.8,986.66
4338.9,8681.2,8681.2,20.859,765.67,956.3
4218.8,8430.5,8430.5,21.044,745.72,928.15
4104,,8192.3,20.016,726.68,901.83
3993.5,7964.1,7964.1,19.282,708.32,876.94
3886.7,,7744.5,19.25,690.56,853.16
3783.5,7532.4,7532.4,18.766,673.31,830.18
3683.6,7326.8,7326.8,18.516,656.34,807.78
3587,7127.2,7127.2,18.463,639.7,785.99
3493.2,,6933.8,17.975,623.61,764.97
3402.4,6746.4,6746.4,16.854,608.06,744.75
3314.2,,6564.8,17.445,593.01,725.26
3228.7,6388.6,6388.6,17.44,578.43,706.42
3145.8,,6217.3,16.975,564.18,688.09
3065.3,6050.7,6050.7,16.102,550.21,670.17
2987.1,,5888.5,15.475,536.53,652.63
2911.1,,5730.6,15.15,523.16,635.39
2837.4,5577,5577,13.358,510.08,618.42
2766.1,5427.7,5427.7,14.321,497.34,601.84
2696.8,5283.1,5283.1,13.774,485,585.77
2629.7,,5143.4,12.719,473.07,570.23
2568.7,5011.6,5011.6,13.067,461.54,555.23
2512.4,4889.5,4889.5,13.043,450.35,540.8
2449.4,4763.7,4763.7,12.994,439.44,526.95
2383.2,,4635.1,11.495,428.8,513.58
2320.8,4512.8,4512.8,11.564,418.47,500.67
2260.6,4394.4,4394.4,11.199,408.44,488.22
2204.5,4288.6,4288.6,10.755,398.76,486.14
2160.6,4353.3,4353.3,10.737,389.54,712.21
2125.5,4619.1,4619.1,10.158,380.88,1005.2
2073.6,,4537.8,9.6244,372.82,935.07
2013,4271.6,4271.6,10.347,365.28,859.25
1959.7,4427.7,4427.7,9.6672,358.17,1068
1909.5,,4334.9,8.8693,351.35,1001.6
1864.7,3961.3,3961.3,8.4188,344.75,730.6
1823.2,3752.6,3752.6,8.5826,338.36,598.75
1783.7,,3557.3,9.4848,332.18,484.67
1745.6,3430.6,3430.6,9.3338,326.14,432.82
1708.7,3340.9,3340.9,9.2716,320.26,412.27
1672.6,3264,3264,9.2216,314.56,399.25
1637.5,3229.1,3229.1,9.2716,309.03,495.16
1604,3545.7,3545.7,9.1482,303.62,830.78
1571.5,3604.4,3604.4,9.0418,298.3,872.78
1540,3276.4,3276.4,8.8162,293.12,629.06
1509.6,3108.2,3108.2,8.777,288.07,513.01
1480,,2931.9,8.2679,283.17,401.24
1451.2,,2824.4,8.5308,278.43,351.09
1423.2,,2752.2,8.5494,273.83,331.83
1395.7,2697.5,2697.5,7.5159,269.37,325.95
1368.9,,2644.1,7.8459,265,320.24
1342.6,,2591.7,8.0431,260.69,314.7
1316.9,,2539.2,7.8771,256.47,305.02
1291.7,,2473.1,7.792,252.35,286.58
1267,2424.1,2424.1,7.009,248.31,281.45
1242.7,2376.3,2376.3,6.9826,244.34,276.46
1219.1,2329.8,2329.8,6.9313,240.44,271.62
1197.7,2285.6,2285.6,6.9219,236.6,266.92
1177.8,2244.3,2244.3,6.8346,232.81,262.32
1171.2,,2212.7,6.7399,229.04,257.83
1535.1,2460.6,2460.6,6.8917,225.29,253.38
2085.5,,3043.5,6.5083,221.57,249.02
2150.1,3168.5,3168.5,6.3335,217.92,266.58
2022.7,3313.1,3313.1,6.1449,214.33,804.82
1926.5,4499.6,4499.6,5.9497,210.86,1945
1785.2,4638.7,4638.7,5.9006,207.48,1985.4
1557.2,3583,3583,5.8141,204.18,1238.7
1301.1,2981.9,2981.9,5.6657,201,980.68
1246.3,,2817.2,5.5898,198,924.48
1291.1,2769.6,2769.6,5.6022,195.03,798.51
1489.7,2649,2649,5.6657,191.99,563.27
1776.3,2842.4,2842.4,5.6969,189.02,448.46
1676.9,2689.6,2689.6,5.6261,186.13,349.45
1375,2295.3,2295.3,5.4813,183.33,302.14
1179.1,2062.4,2062.4,4.9284,180.6,266.08
1028.1,1890.2,1890.2,5.3872,178.23,298.2
1130.1,2463.7,2463.7,5.311,183.23,986.38
1459.2,,3742,5.168,226.56,1765.9
1612.6,3967,3967,5.0415,241.6,1603.8
1482.8,3540.2,3540.2,4.9297,211.02,1429.8
1281.4,3168.4,3168.4,4.8934,193.17,1226.2
1084.9,2444.4,2444.4,4.9284,176.02,728.67
947.61,2003.6,2003.6,5.4695,168.04,491.73
887.72,1758.8,1758.8,5.3299,164.31,341.02
862.62,,1711.7,5.2151,164.96,357.65
852.29,1779.2,1779.2,5.092,164.31,431.5
844.96,,1756.1,5.0074,159.37,408.39
831.39,1761.5,1761.5,4.7845,160.33,479.4
819.45,1914.2,1914.2,4.5831,158.47,657.75
817.08,1982.3,1982.3,4.7165,153.03,677.93
805.61,1907.7,1907.7,4.4201,148.53,648.34
789.01,1891.6,1891.6,4.5578,144.71,649.37
776.36,1761.1,1761.1,4.3843,141.77,512.68
764.63,,1557.8,4.3529,139.51,353.99
755.18,,1451.5,4.2442,137.65,268.36
746.84,,1372.1,4.2532,135.68,210.95
738.97,,1330.1,4.1344,133.87,187.43
732.72,1319,1319,4.0261,132.1,196.02
731.68,1326.6,1326.6,3.933,130.14,207.58
730.56,1311.1,1311.1,3.7844,128.38,194.32
723.19,1282,1282,4.2532,127.41,184.2
745.42,1370,1370,3.6612,141.51,250.42
757.03,1557.9,1557.9,3.9381,152.89,413.57
775.55,,2097.2,3.4819,195.88,957.2
852.31,2657.4,2657.4,3.3994,218.62,1318.1
938.26,,2582.6,3.2618,185.76,1022
1004.9,2350.7,2350.7,3.1473,172.11,852.77
1032,,2577.1,3.0255,171.13,1095.1
948.07,2742.4,2742.4,2.9894,161.99,1329.5
820.56,2831.5,2831.5,3.3519,141.51,1640.6
753.21,,3097.5,2.9988,129.97,1916.3
696.49,2850.9,2850.9,2.9144,120.88,1611.9
658.69,2267.6,2267.6,2.8502,115.43,1090.4
645.86,1862.6,1862.6,2.7894,113.66,732.28
667.3,,1663.5,2.6549,110.52,535.31
677.33,1656.3,1656.3,2.6582,108.46,514.2
647.36,1580.7,1580.7,2.8223,107.01,465.62
618.57,1387.6,1387.6,2.5098,107.23,340.26
595.3,1277.4,1277.4,2.4901,106.2,289.52
614.36,1663.6,1663.6,2.8223,103.82,844.35
645.55,2311.4,2311.4,2.4022,102.08,1371.2
628.04,2170.8,2170.8,2.343,100.38,1084.6
598.12,,1687.6,2.504,99.162,708.58
577.26,1435.1,1435.1,2.8223,99.011,469.05
558.97,1241.3,1241.3,2.6292,101.49,320.64
592.11,1631.3,1631.3,2.5322,158.88,854.2
643,,3009.7,2.4557,193.75,2204.2
628.46,4216.6,4216.6,2.4665,159.87,3127
588.78,,3915.3,2.8223,134.25,2757.4
619.09,,3086.3,2.3894,111.72,2104.4
675.03,3117.3,3117.3,4.2532,98.884,2038.3
647.51,,2746.5,4.5831,93.556,1602.1
592.64,1942.3,1942.3,4.2532,92.012,952.6
554.34,,1861.2,3.6976,91.07,978.66
520.96,1853.7,1853.7,3.5633,90.125,1029.1
504.25,1934.5,1934.5,3.6377,89.754,1056.1
511.89,,1907.1,3.399,86.731,1034.9
516.64,1719,1719,3.0802,85.044,827.22
501.07,1524.8,1524.8,2.6963,86.465,616.62
488.48,1375.3,1375.3,2.6267,87.229,537.67
474.59,,2391.5,2.6118,94.722,1887.4
464,,3874.7,2.5455,99.927,3133.1
458.17,,3635,2.8139,93.565,2581.9
453.55,2806.7,2806.7,2.384,88.396,1883.5
449.36,,2296.5,2.1298,83.593,1302.2
446.17,1631.9,1631.9,2.2696,80.018,749.84
445.52,,1428.7,2.2018,77.846,615.99
447.37,,1428.1,2.1204,76.763,608.15
472.06,1359,1359,2.037,80.628,497.09
495.65,1262.3,1262.3,1.9971,82.177,371.04
479.71,1155.2,1155.2,1.9297,78.493,289.99
453.33,,1005.7,1.5527,75.646,178.08
434.42,896.08,896.08,1.8214,73.08,120.59
420.26,862.54,862.54,1.802,71.447,112.23
412.4,,834.41,1.716,70.345,101.35
407.69,820.73,820.73,1.55,69.519,98.758
404,,811.03,1.4638,68.76,96.307
400.32,796.33,796.33,1.402,68.027,89.725
396.59,782.68,782.68,1.228,67.27,84.882
392,772.82,772.82,1.3773,66.289,84.115
390.67,764.99,764.99,1.3275,65.503,83.611
389.51,,758.49,1.2746,64.732,90.618
385.77,835.97,835.97,1.0829,63.943,349.65
408.68,2816.2,2816.2,1.0829,63.168,2405.9
447.03,3824.1,3824.1,1.1814,62.407,3074.4
438.42,,2618.8,1.0829,61.658,1733
406.56,,2016.7,0.96484,60.918,1358
390.21,3974.3,3974.3,0.95036,60.177,5993
459.62,21762,21762,0.90012,59.438,23106
553.2,29881,29881,0.86032,58.703,27704
521.63,,19176,0.76812,57.991,17022
451.04,,12331,0.72688,57.289,10536
405.05,6117.7,6117.7,0.71219,56.595,4799.9
389.87,,2968.1,0.60919,55.926,2082.8
403.83,1806.8,1806.8,0.5158,55.259,1113.5
392.98,1676.1,1676.1,0.43173,54.582,1044
369.61,,1646.1,0.43173,53.925,1044
354.67,,1626.7,0.35668,53.276,1043.9
341.97,1533.5,1533.5,0.29017,52.685,855.82
331.68,926.65,926.65,0,52.935,367.93
327.89,1007.4,1007.4,0,52.919,502.72
330.18,1088.4,1088.4,0,51.859,533.44
326.95,1058.9,1058.9,0,50.864,541.51
325.9,1177.7,1177.7,0,50.145,644.36
425.69,1281.2,1281.2,0,53.711,576.67
485.69,1125.4,1125.4,0,54.871,356.73
428.79,953.85,953.85,0,51.494,251.58
385.08,797.31,797.31,0,49.7,168.05
341.21,,710.92,0,47.886,144.6
317.04,813.96,813.96,0,49.567,458.38
353.28,3009.7,3009.7,0,55.628,3246.3
457.19,7945.1,7945.1,0,69.675,8488.9
604.59,14593,14593,0,87.795,14155
861.92,,17394,0,125.85,16442
1669.8,22680,22680,0,284.75,21745
2428.8,27756,27756,0,334.95,24537
2119,23476,23476,0,222.62,19631
1998.1,18786,18786,0,156.79,15559
2171.1,14910,14910,0,103.61,11653
1839.5,12760,12760,0,88.107,10355
1478.7,12326,12326,0.00577,88.327,10343
1167.2,12882,12882,0,106.04,11721
1057,,20966,0.00577,122.74,22880
1584.1,39019,39019,3.9295,144.49,38630
2737.3,,47071,4.1782,187.32,42916
3842.1,42535,42535,295.88,172.62,37455
4418.3,38111,38111,144.9,149.14,31606
4373.2,31654,31654,124.22,134.92,25675
4009.6,26131,26131,116.99,168.02,20491
3858.8,,22492,307.9,186.3,17577
4722.9,24643,24643,376.75,153.52,20080
6409,,33152,362.38,137.04,27911
7216.4,43173,43173,250.08,132.95,35339
7188.6,48757,48757,147.06,136.08,39157
8316.1,50909,50909,134.92,277.02,42754
9429.2,,62243,479.79,439.51,51504
10317,,67411,1529.3,397.86,51657
11704,59293,59293,1079.9,348.19,41114
12061,52406,52406,836.99,292.04,32790
13172,56115,56115,729.7,418.94,39442
15442,80462,80462,883.2,489.83,58398
17120,87005,87005,1726.1,338.41,56798
18679,,71752,1050.6,259.86,40966
20050,62033,62033,916.93,209.26,30083
22415,,62579,1124.4,239.59,33390
27088,92249,92249,1426.7,444.07,61226
32975,,122670,1162.3,565.25,77521
38890,126730,126730,1398.2,512.49,71709
47544,145830,145830,5761.8,683.11,75681
66281,193500,193500,5159.1,820.26,84629
88188,230560,230560,3291.7,874.1,78848
101120,241780,241780,2814.4,1135.6,67537
108730,,245120,3519.1,1356.2,59559
118900,249750,249750,6106.4,1534.7,54648
144460,281130,281130,11652,1859.3,56372
191650,,346080,13851,2378.8,52688
258740,437960,437960,8585.8,3779.1,45934
340170,557990,557990,5142.1,6061.5,49174
397360,663480,663480,3361.2,7623.4,69204
401960,,679550,2017.7,7997.5,71942
371320,,616510,1481.4,7780,52328
327530,540270,540270,1264.8,7361.7,40388
285690,,470230,2728.2,6912.5,30929
254520,,425430,3271.8,6487.7,26545
233450,403400,403400,2507.7,6247.8,24748
218010,394740,394740,3605.1,6090.7,25328
205170,397280,397280,5147.7,6107.2,28734
195790,424790,424790,5852.1,6727,49067
192500,477860,477860,5788.7,7836.1,83127
197370,520340,520340,4351.3,8906.3,106830
208870,547220,547220,3651,9701.2,119610
220710,543430,543430,3546.5,10076,108710
228670,515040,515040,3170.8,10080,85274
232400,489300,489300,2592.4,9842.6,67092
232500,463780,463780,3494.8,9454.9,51051
232560,447910,447910,2626.1,9027.1,41774
236320,441530,441530,2092.7,8603.8,36857
240810,437600,437600,2225.8,8197.5,33986
240180,425800,425800,1738.9,7796.8,30273
233960,407030,407030,1654.8,7421.8,26794
224170,387590,387590,1618.8,7080.7,24960
212110,374390,374390,6725.6,6806.1,32118
202380,388200,388200,7825.9,6894,54215
209220,,453590,14072,7913,94225
253590,599720,599720,5519,10260,151570
322390,755850,755850,3039.6,12914,182790
369500,796420,796420,4455.5,14570,151450
380610,770890,770890,6782.3,15240,104390
371370,762410,762410,8683.4,15477,76668
357080,765140,765140,10191,15573,59794
349810,771240,771240,6694.6,15544,58137
346990,768410,768410,4847.3,15312,62513
339790,737020,737020,3706.5,14754,58335
332220,690190,690190,4791.8,13979,50202
332410,656100,656100,4593,13107,42926
333480,628670,628670,3441.1,12219,35737
325020,596430,596430,2642.9,11395,30877
308380,561800,561800,2174.1,10663,28575
288960,532400,532400,3735.8,10022,27409
272770,511810,511810,4524.9,9431.1,26914
261530,493580,493580,3401.6,8872,25155
250670,469640,469640,2592.4,8362.2,21860
236980,,440150,1755.2,7880.4,19453
220880,,408200,1392.5,7422.7,18431
204080,378200,378200,1216.2,6999,18527
189020,351120,351120,1394.7,6624.7,17734
180030,330390,330390,1094.6,6284.7,16507
179240,318720,318720,1360.2,5958.6,15152
180460,310110,310110,1124.4,5654.4,13531
176330,,297490,986.21,5379.5,12793
167110,280670,280670,1120.6,5133,12653
156300,264360,264360,1021.7,4983.8,13179
146240,251760,251760,1137.1,4824.2,14651
137790,242760,242760,1260.2,4611.6,16475
131280,239010,239010,1577.9,4497.7,22011
126780,247910,247910,1564.1,4581,39323
123650,270670,270670,2254.6,4751.9,61598
122020,284250,284250,1866.5,5271.9,70932
121550,293770,293770,2062.5,6281.1,79025
122370,313410,313410,1526.9,7301.4,91618
125320,,322350,1500.1,8043.7,91346
129420,311430,311430,1217.4,8411.6,74193
132260,,291700,1185.2,8473.1,54534
132210,,282900,1537.9,8367.8,49695
129200,275020,275020,1689.5,8172.6,46040
123840,257360,257360,1538,7989.1,36244
117130,240050,240050,962.91,7793.1,28930
109970,,224090,867.07,7543.8,22799
103470,215090,215090,662.88,7340.5,19003
99040,,225190,5567.1,7195.2,17604
97446,,253070,5487,7071.6,16143
96438,277720,277720,3381.9,6926,14443
93818,,284140,2470.9,6761.4,13084
89648,274150,274150,1519.6,6536.6,11607
84407,,254470,1357.8,6267.8,10385
78743,232210,232210,990.65,5975.8,9945.5
73184,211180,211180,823.4,5672.4,9583.5
68000,192120,192120,671.47,5375,8776.4
63288,175590,175590,607.36,5088.8,7999.9
59060,161410,161410,510.23,4820.2,7362.8
55200,148600,148600,552.37,4571.4,6756.2
51646,137080,137080,568.07,4360.1,6431.3
48435,127710,127710,571.42,4186.2,7078.6
45601,121260,121260,585.66,4122.2,9120.2
44509,121410,121410,2419.9,4577.4,14628
44911,129850,129850,2637.3,5675.9,20385
45398,136640,136640,3057.7,7320.2,18716
45750,,140080,3595.8,9055.1,13784
45328,142510,142510,2295.1,10145,10456
44080,140530,140530,1356.5,10533,7975.5
42343,136400,136400,984.09,10552,7479.5
40482,132520,132520,780.86,10368,9457.9
38653,129010,129010,744,10080,11894
36867,125290,125290,693.5,9810.1,14365
35175,121270,121270,727.79,9511.1,16340
33496,116120,116120,684.47,9174.7,16050
31866,107660,107660,568.34,8798.6,12986
30310,98137,98137,568.34,8389.1,9136.5
28817,90494,90494,520.58,7972.2,6844.2
27404,,83949,479.79,7566,5382.6
26066,78623,78623,431.05,7177.3,4735.5
24809,74020,74020,375.86,6806.3,4421.7
23624,69815,69815,345.33,6458.1,4161.4
22511,65891,65891,332.63,6129,3915
21466,,62218,316.04,5819.8,3622.2
20485,58800,58800,299.86,5530.9,3352.5
19563,,55626,291.92,5261.2,3113.1
18695,52789,52789,272.52,5009.5,2979.6
17879,50156,50156,280.96,4774,2857.3
17111,47702,47702,263.97,4553.3,2741.4
16388,,45411,242.42,4346.7,2631.3
15707,43266,43266,228.56,4152.7,2526.6
15063,41251,41251,218.15,3969.7,2426.8
14449,39350,39350,207.96,3796.3,2331.5
13864,,37555,201.31,3631.9,2240.1
13306,35861,35861,194.75,3476.2,2152.4
12777,34267,34267,188.3,3329.3,2068.6
12275,32767,32767,181.95,3190.7,1988.8
11799,31352,31352,175.71,3059.8,1912.9
11346,,30016,172.62,2935.8,1840.6
10915,,28753,166.54,2817.9,1771.5
10505,27560,27560,160.55,2706.1,1705.6
10117,,26435,118.18,2600.2,1642.8
9748.8,25377,25377,109.5,2501,1583.6
9404.9,24392,24392,107.23,2411,1529
9086.3,,23480,105.25,2330.3,1479.2
8789.8,22631,22631,103.92,2256.6,1433.5
8511.4,,21832,103.4,2188,1390.9
8247.7,21076,21076,93.154,2123.1,1350.6
7995.8,,20355,91.132,2060.6,1312.1
7754.7,19664,19664,88.455,2000.2,1275.1
7524.1,19004,19004,85.624,1941.9,1239.5
7303.7,18374,18374,82.905,1885.9,1205.2
7092.9,17773,17773,80.785,1832.5,1172.3
6891.3,17201,17201,78.212,1781.9,1140.7
6697.7,16655,16655,76.774,1733.8,1110.6
6511.3,16132,16132,76.479,1687.9,1081.8
6334.9,,15648,75.052,1643.9,1054.2
6176.6,15396,15396,73.658,1602.8,1027.9
6057.8,,15424,72.071,1564,1002.7
5922,,15446,60.95,1526.6,978.61
5750,15411,15411,66.97,1490.5,955.3
5590.5,,15391,116.27,1455.1,932.75
5438.2,15297,15297,112.39,1420.2,910.83
5297.5,15099,15099,133.32,1385.9,889.53
5179.9,14843,14843,150.18,1352.6,868.88
5063.8,14539,14539,111.41,1320.5,848.9
4935.1,14201,14201,107.75,1291.7,830.65
4814.2,13920,13920,103.81,1309.1,851.14
4706,13879,13879,97.54,1307.8,1198.3
4643.2,,14281,86.796,1256.3,1796.9
4595.2,,14138,82.702,1216.7,1769.5
4491.4,13370,13370,80.697,1178.2,1339.4
4374.8,12793,12793,80.697,1146.7,1077.1
4255,12245,12245,80.697,1120.1,860.08
4128.3,11814,11814,80.697,1096.4,759.71
4021,11478,11478,78.721,1074,720.83
3924.1,,11190,76.774,1052.7,705.79
3836.8,10921,10921,74.856,1032.4,693.86
3766.3,10701,10701,80.15,1010.9,737.77
3709,10789,10789,77.653,991.74,1159.5
3631.6,,11294,74.978,973.43,1787.4
3542.3,11113,11113,72.891,955.58,1703.4
3461.2,10356,10356,60.51,937.94,1228.7
3383.1,9855.1,9855.1,70.472,920.35,949.82
3311,9401.7,9401.7,67.082,902.77,724.51
3242.2,9121.9,9121.9,63.545,885.15,646.91
3175.2,8890.7,8890.7,53.994,867.39,621.82
3109.1,,8663.4,60.855,849.78,604.29
3044,8442.4,8442.4,56.06,832.73,590.18
2979.4,8221.6,8221.6,45.021,816.15,568.39
2915.7,7998.8,7998.8,42.639,800.03,536.3
2854,7769.4,7769.4,40.378,784.34,501.05
2793.7,7577.5,7577.5,39.347,769,490.86
2735.3,7392.4,7392.4,40.999,754.05,481.47
2702.7,7236.6,7236.6,36.993,739.46,481.99
2950,7434.8,7434.8,34.495,727.25,709.45
3499.3,8668.7,8668.7,39.559,761.55,1248.9
3512.1,9200.9,9200.9,49.389,791.13,1515.7
3131.2,,9773.6,41.306,870.35,2668.5
2872.4,10724,10724,40.116,902.32,3599.3
2614.9,9674.5,9674.5,38.955,811.4,2759
2550.8,8904.3,8904.3,69.23,760.44,2635.9
2653.3,,9614,76.918,724.26,3315.7
2713.6,10343,10343,80.697,781.31,3547.4
2708.5,,10123,116.27,817.33,3033.6
2760.7,10078,10078,105.73,900.36,2942.6
2721.5,11085,11085,123.72,945.82,3650.4
2499.6,11213,11213,121.65,843.38,3682.9
2292.7,,10642,124.02,800.01,3165.6
2157.5,,9849.8,122.36,764.18,2323.7
2056.5,8845.6,8845.6,102.04,754.07,1495
2000.2,8305.7,8305.7,88.887,755.28,1064.8
1958.4,7925.4,7925.4,78.721,759.65,804.97
1919.7,7678.6,7678.6,71.102,762.31,687.97
1884.4,7485.9,7485.9,67.697,759.29,635.29
1848.7,,7334.2,60.725,757.7,622.1
1810.8,7154,7154,58.388,749.02,580.78
1776.1,6942.8,6942.8,49.389,744.13,527.17
1746.4,6766.4,6766.4,44.454,738.78,495.83
1716.5,,6589.5,42.93,732.26,472.93
1687.1,6432,6432,41.129,724.87,465.1
1658.1,6276.4,6276.4,36.143,716.82,457.26
1629.5,6124.6,6124.6,35.355,708.41,449.48
1601.2,5977.1,5977.1,30.486,699.71,441.77
1573.3,,5832.1,32.127,690.6,434.14
1546,5689.4,5689.4,28.934,681.21,426.67
1519.1,,5549.4,27.879,671.73,419.38
1492.8,5412.3,5412.3,27.187,662.21,412.25
1466.9,,5277.8,26.123,652.72,405.26
1441.5,5145.8,5145.8,24.957,643.27,398.4
1416.6,,5017.1,23.69,633.93,391.75
1392.2,4893.6,4893.6,25.577,624.86,385.34
1368.4,4776.1,4776.1,22.597,616.04,379.12
1345.1,,4664.1,24.569,607.38,373.04
1322.4,4556,4556,21.45,598.7,366.99
1300.5,4451,4451,19.549,589.95,361.01
1279.4,,4349.2,19.041,581.24,355.25
1259.1,4251,4251,17.393,572.68,349.71
1239.7,4156.9,4156.9,20.771,564.35,344.33
1221.1,4086.2,4086.2,16.593,556.29,387.56
1203.3,,4623,15.879,548.53,1661.3
1186.5,9041.9,9041.9,15.127,542.52,5878.1
1170.1,,10561,15.27,535.95,6631.1
1153.9,7634.6,7634.6,13.992,527.61,3868.2
1138.2,6191.9,6191.9,13.329,519.68,2535
1122.8,4713.1,4713.1,15.756,511.9,1232.2
1107.9,4015.8,4015.8,12.565,504.53,684.71
1093.4,3745.2,3745.2,11.982,497.52,515.43
1079.4,,3678.6,11.446,490.76,511.09
1065.8,3620.3,3620.3,10.804,484.18,506.96
1052.5,3563.2,3563.2,10.062,477.78,502.95
1039.6,3488.8,3488.8,9.9452,471.52,450.6
1027.1,,3246.7,12.18,465.29,282.25
1014.9,3185.3,3185.3,10.124,459.18,278.45
1003.1,3133.3,3133.3,9.5837,453.18,274.85
991.5,3082.9,3082.9,9.2352,447.4,271.38
980.26,3034.1,3034.1,8.8224,441.82,267.96
971.17,,2989.4,8.5745,436.26,267.1
962.58,,2982.2,9.697,430.67,328.61
951.17,,3091.3,9.1266,425.19,463.16
939.02,3084.6,3084.6,8.577,419.87,467.98
927.65,2948.2,2948.2,8.0468,414.74,387.09
920.28,,3085.2,7.536,411.68,664.55
988.67,,4375.6,7.005,441.12,2224.9
1054.9,,6399.6,6.573,457.96,3903
1131.2,7497.1,7497.1,6.12,469.17,4863.9
1145.6,7906.6,7906.6,5.6856,476.72,5131.3
1035.3,,7026.5,5.4566,482.21,4038
960.36,,6054.7,5.1177,480.8,3627.8
925.83,,7056.1,4.7646,459.44,4437.6
909.09,6758,6758,4.363,441.94,3876.8
882.02,,5196.4,4.8722,410.07,2485.9
865.95,4305.4,4305.4,4.872,393.36,1654.3
852.02,,3533.2,6.12,380.14,978.25
838.71,3126.5,3126.5,11.528,371.87,623.75
830.67,,2923.4,11.924,367.23,470.81
820.34,,2840.8,11.528,362.66,393.63
812.69,,2763.9,11.044,359.39,348.13
805.62,2739.7,2739.7,9.8301,354.93,336.41
798.74,2689.4,2689.4,9.0263,351.88,290.66
790.99,2588.3,2588.3,8.5766,348.3,224.75
784.2,,2556.6,8.4183,345.54,217.83
777.71,,2527.6,7.8455,342.79,214
771.2,,2512.4,7.8133,340.91,218.08
764.65,2608.6,2608.6,7.5504,358.14,349.68
758.11,2797.9,2797.9,6.9274,371.47,521.07
753.27,,3125.6,6.9707,407.01,697.9
765.69,3341.7,3341.7,6.12,437.71,753.84
873.68,,3535.4,7.1449,485.57,785.5
935.5,4019.4,4019.4,6.6557,498.83,1159.2
870.39,4045,4045,6.4908,434.51,1228.9
811.28,3631.1,3631.1,6.2542,397.84,917.24
763.1,3339.4,3339.4,5.7683,370.25,750.02
739.44,3980.5,3980.5,7.6018,360.87,1747.7
757.8,5472.3,5472.3,7.5362,364.17,3048.5
795.76,,5696.8,12.852,369.51,2861.2
802.74,4801.4,4801.4,15.756,366.69,2074.2
795.15,4583,4583,16.515,360.73,2840.4
822.32,12262,12262,17.539,361.19,10749
815.9,17669,17669,19.963,360.73,14942
786.9,,14831,19.293,384.35,11623
764.87,11863,11863,14.261,398.36,8690.2
746.56,8160.6,8160.6,16.33,382.73,5198.2
746.65,,6083.9,15.584,371.39,3476.7
748.9,5546,5546,16.714,361.57,3158.7
781.18,7050.9,7050.9,15.705,356.22,5351.1
798.92,10581,10581,12.992,353.96,8412.6
809.4,,11110,12.835,354.05,8383.8
829.59,10076,10076,10.287,359.6,7572
810.58,10671,10671,11.12,428.11,8497.6
767.78,,14205,10.644,483.15,12330
723.41,15954,15954,9.7317,468.79,13244
682.07,12977,12977,9.1437,440.05,9991.1
652.13,9809.5,9809.5,8.5941,400.63,6994.1
634.73,6447.8,6447.8,7.7166,378.33,3849.4
623.84,4560.9,4560.9,5.6856,366.94,2217.3
615.49,3538,3538,6.3888,364.26,1309.3
609.1,,3073.2,5.9462,364.55,998.94
602.88,,3891.2,4.8603,365.49,2571.4
609.1,,7930.7,4.7703,366.92,6209.9
620.18,,9442.4,4.5417,368.69,6906.1
616.38,7344.4,7344.4,5.3556,394.21,5051.5
604.03,,6465.5,5.2696,404.6,4040.6
595.49,,5076.4,5.4058,389.09,2718
589.44,4265.9,4265.9,5.3988,379.56,2075.7
578.54,4177,4177,5.569,368.41,2176.5
568.66,5112.7,5112.7,5.0206,362.28,3258.4
572.67,7361.8,7361.8,4.5892,367.82,5797.8
632.5,11040,11040,4.3254,377.46,8957.5
692.07,,11718,3.7987,377.13,9119.4
745.18,,12452,4.0522,414.89,10453
834.73,15521,15521,3.6607,434.91,13180
899.19,18215,18215,3.4756,456.33,16054
1097,21967,21967,4.4627,476.18,19605
1347.4,23747,23747,4.6878,436.13,19679
1651.5,,20642,4.655,416.61,16750
2233.2,,25409,4.6865,445.7,22109
2650.6,,35619,128.98,475.88,28324
3554.7,,44749,6829.7,531.76,26529
6294.4,60410,60410,5916.4,548.99,22431
9533,76694,76694,4298.5,496.82,16902
10063,,87571,2268,471.56,17671
8387.9,94162,94162,1170.1,458.19,22885
6975.9,,91310,1030.9,449.93,23264
5835.5,81480,81480,846.13,437.25,19191
4781.9,71305,71305,683.72,435.67,14055
4064.6,60544,60544,470.31,435.2,8395.7
3654.1,53496,53496,454.2,435.88,5013.5
3402.8,48462,48462,377.61,438.43,3154.8
3248.6,44918,44918,317.9,438.36,2457.7
3102.5,,42347,263.41,444.6,2848.9
2994.9,,41048,221.73,449.95,4539.8
3054.7,42658,42658,201.35,454.22,8300.2
3490.6,,46771,187.3,552.76,14815
4134.3,53948,53948,170.79,619.52,21533
4669.4,,53208,197.24,576.81,19862
5463.6,49721,49721,327.88,641.12,18162
6005.1,,55197,287.65,706.11,24334
5930.2,64896,64896,424.25,684.83,32444
5899.2,,70886,303.28,716.6,36386
5812.4,,71451,446.94,725.69,34071
5738.3,65961,65961,458.94,769.21,26295
5700.8,55863,55863,390.48,809.54,16389
5768.8,49476,49476,352.04,789.97,10161
5780.8,,45124,304.25,792.44,6563.3
5676.2,43630,43630,286.67,888.05,5971.5
5703.7,46683,46683,287.65,1009.3,10036
5794.9,54627,54627,275.43,1119,17737
6603,63281,63281,378.4,1322.4,23085
7769.7,67797,67797,442.94,1392,22313
9037,70409,70409,394.45,1410.3,20289
11649,83817,83817,946.22,1469.8,27913
14527,104600,104600,1322.6,1514.5,37771
15979,108230,108230,962.96,1603.4,33488
16426,,99301,772.62,1664.9,22260
16117,91694,91694,619.25,1699.7,14134
15769,,88072,557.67,1815.3,11798
16090,91991,91991,855.11,2096.6,15584
16864,,98006,1104.4,2448.3,19548
17982,106220,106220,1093.4,2782.6,23612
19599,121040,121040,904.13,3070.9,32109
21838,151110,151110,2839,3312.1,51034
25122,188210,188210,2179.6,3538.3,70558
30461,,211250,2610.5,3810.5,79664
39169,,249220,2712,4070.9,103290
49020,,290500,2705.3,4243.1,121400
55449,281060,281060,1926.2,4450.1,99939
57960,,249240,1563.3,4670.3,71162
58078,227070,227070,3534.1,4873.8,55561
61755,235720,235720,7127.5,5346,63262
82474,282270,282270,6544.2,6277.8,76429
112830,337680,337680,4103.3,7459.5,73049
130990,364420,364420,3236,8433.9,60723
136370,357700,357700,3055.6,8909.4,45354
138110,,345450,3471.6,8968.7,34631
143690,340840,340840,6067.3,8963.2,28395
156390,361210,361210,7082,8969,27356
169530,402030,402030,5601.7,8930.7,30526
176750,444410,444410,3889.7,9004.3,44537
178270,,465430,3391.4,9015.1,53000
174760,,454460,2842,8905.4,47209
166920,432350,432350,2373.4,8769.1,45801
156900,,404170,2007.9,8580.2,43355
146570,368770,368770,1689.6,8343.4,36007
136750,335760,335760,1591.2,8073.3,29737
128370,,308860,3397.7,7830.4,25468
123180,297940,297940,7492.5,7747.2,25802
126520,316090,316090,12862,7858.3,29203
140930,364660,364660,6229.8,8014.6,31734
154740,,413090,3972.2,8067.9,28345
158760,432220,432220,2666.2,7964.6,22566
155030,420290,420290,1959.1,7741.7,19332
146510,387970,387970,1621.7,7453,16014
136270,,350350,1379.4,7150.4,13786
126180,,314940,1347.4,6850.3,12205
116860,,284660,1092,6558.5,11001
108410,,259520,998.98,6281.5,10406
100650,,238210,890.05,6004.8,10064
93174,218320,218320,756.14,5724.2,9483.6
85873,199710,199710,683.59,5439.2,9304.1
79790,184230,184230,654.8,5187.6,9864.8
75318,177750,177750,941.97,5117.6,17904
72600,,188130,1513.5,5194.3,38922
71832,207150,207150,1416.7,5169.2,59214
72410,216160,216160,1240.1,5124.1,65254
72772,,209630,1088.6,5221.8,59698
72261,202940,202940,943.67,5381.6,56564
72041,210480,210480,1325.5,5577,69284
71819,220710,220710,1178.5,5769,78042
70652,206070,206070,889.69,5914.8,62984
68651,180970,180970,763.86,6005.7,44141
66552,164240,164240,978.84,6007.5,31478
64303,151080,151080,1155.9,5912.4,22653
61675,142810,142810,1104.4,5758.4,18014
59166,,136580,939.57,5600.3,15556
56801,132670,132670,770.18,5427.5,15986
54692,132450,132450,698.45,5259.3,19814
53054,132060,132060,607.96,5130.8,22776
51707,135380,135380,619.21,4987.1,34871
50239,162390,162390,587.42,4821.9,62515
48624,,166840,683.35,4666.4,64681
47387,146720,146720,701.29,4534.6,50680
46247,143830,143830,679.77,4398.4,51756
44874,146590,146590,663.02,4244.2,55943
43405,140760,140760,937.25,4111.5,51589
42095,136230,136230,992.99,3969.6,51151
40823,147390,147390,885.5,3819.9,60845
39254,,140350,893.56,3687.4,53478
37794,125410,125410,829.47,3574.3,43149
36382,126040,126040,779.44,3488,48110
34832,,133730,642.2,3402.1,57867
33445,136510,136510,556.88,3552.3,60350
32226,131690,131690,643.44,3735.7,52788
30976,128890,128890,1632,3763.8,42407
29722,128890,128890,1415.6,3846.2,34504
28454,,131210,1131.4,3895.2,32056
27120,,133650,811.77,3903,34187
25769,132100,132100,683.59,3860.4,35664
24448,123040,123040,602.03,3779.3,32702
23362,117310,117310,582.66,3679,32152
22811,,113110,529.14,3589.1,31945
22159,105830,105830,510.11,3486.5,28263
20928,97879,97879,457.06,3345.9,23138
19655,87739,87739,426.21,3205.6,17478
18523,,79761,412.2,3065.7,13795
17501,73117,73117,317.66,2929.1,11573
16600,68182,68182,296.51,2797.1,10618
15776,,63588,289.3,2670.8,9562.4
15002,58843,58843,243.1,2551.2,8268.3
14268,55003,55003,241.76,2459.2,7446.9
13564,,51250,215.45,2369.1,6592.1
12875,48120,48120,199.64,2308.5,6009.9
12225,,45291,199.3,2243.2,5564.7
11616,,42965,180.48,2150.2,5588.6
11038,41107,41107,227.68,2071.3,5736.7
10490,,38865,236.5,1980.2,5331.8
9973.4,36440,36440,234.17,1900.8,4781.8
9487.4,,34464,209.51,1832.4,4529.9
9034.1,,32790,200.85,1769.7,4387.2
8617.3,31112,31112,180.12,1708.3,4088
8237.8,29481,29481,170.55,1650.4,3774.9
7890.4,28036,28036,164.45,1594.4,3537.2
7568.4,26690,26690,157.87,1537.8,3329.5
7267.4,,25448,160.63,1484.1,3151.6
6985.2,,24302,147.88,1431.8,3003.2
6723,23603,23603,142.57,1382.6,3476.2
6534.4,29864,29864,148.65,1339.3,14422
6442,51086,51086,144.52,1335.7,33970
6424.1,54749,54749,183.89,1316.5,33684
6466.5,41016,41016,161.75,1261.8,21503
6316,,33595,177.11,1216.7,14307
5986.7,25609,25609,201.28,1167.5,7597.3
5670.2,21605,21605,192.35,1125.2,4675.8
5372.4,,19713,177.37,1086.8,3680.8
5144.4,18922,18922,167.95,1051.1,3528.5
4958.2,,18246,148.67,1016.3,3453.1
4797.3,,18303,141.15,982.39,4638.1
4644.1,20539,20539,132.64,949.31,6884
4494.1,,19829,120.7,915.61,6243.7
4345.5,17176,17176,116.39,884.45,4336.4
4198.1,,15641,109.67,854.49,3276.6
4062.6,14145,14145,107.35,825.8,2354.8
3933.4,,13237,96.166,798.23,1945.2
3810.5,12633,12633,92.368,771.68,1790.6
3692.1,,12176,71.446,746.11,1736.1
3577.9,11741,11741,66.866,721.51,1683.6
3467.8,11327,11327,62.409,697.74,1634.4
3361.9,10906,10906,61.454,674.82,1534.7
3260.3,10405,10405,59.675,652.94,1388.3
3163.4,10051,10051,57.922,632.63,1344.5
3071.7,,9721.6,63.118,614.14,1303.6
2984.9,9415.1,9415.1,52.823,597.24,1265.5
2902.5,9127.2,9127.2,60.25,581.63,1229.9
2823.5,8854.1,8854.1,58.164,566.97,1196.2
2747.5,8593,8593,52.098,553.02,1163.9
2674.1,8341.8,8341.8,50.639,539.6,1132.7
2602.9,8099.5,8099.5,49.988,526.63,1102.5
2534.1,7865.7,7865.7,47.879,514.06,1073.1
2467.4,,7640,41.842,501.83,1044.5
2402.9,,7422.6,42.918,489.91,1016.7
2340.2,,7213.6,41.581,478.33,989.77
2279.3,7012.4,7012.4,40.513,467.06,963.82
2220.2,6818.2,6818.2,40.402,456.04,938.86
2162.8,6630.1,6630.1,36.337,445.25,914.84
2106.9,6447,6447,34.351,434.63,891.6
2052.6,6268.1,6268.1,36.145,424.12,868.92
1999.5,6095.4,6095.4,34.715,413.69,846.62
1947.6,,5927,33.566,403.4,824.68
1897,5761.8,5761.8,32,393.4,803.23
1847.6,,5602.6,35.805,383.72,782.46
1799.5,,5449.2,33.505,374.36,762.59
1752.5,5301.2,5301.2,32.146,365.33,743.59
1706.7,5158.3,5158.3,30.866,356.58,725.37
1662,,5020.1,31.789,348.11,707.72
1618.6,4886.4,4886.4,30.56,339.93,690.5
1576.4,4757.4,4757.4,29.141,332.02,673.69
1535.4,4633,4633,30.331,324.37,657.31
1495.6,4512.3,4512.3,29.756,316.95,641.37
1456.7,4394.6,4394.6,28.869,309.68,625.85
1418.9,,4279.6,26.007,302.58,610.74
1382.5,4168,4168,28.933,295.77,596.09
1356.1,4067.2,4067.2,26.995,289.35,582.81
1336.9,3983.7,3983.7,25.798,283.29,572.29
1303.2,3887.9,3887.9,24.244,277.52,560.02
1262.3,3780.3,3780.3,23.318,271.97,545.76
1226.7,3682.3,3682.3,23.178,266.6,532.89
1193.3,3588.8,3588.8,23.733,261.42,522.44
1163.6,,3501.5,21.931,256.42,512.2
1136.4,3415.6,3415.6,21.314,251.59,499.65
1110.6,,3332.3,22.111,246.89,487.45
1085.8,3252.3,3252.3,21.441,242.33,475.84
1061.8,3175.4,3175.4,19.5,237.9,465
1038.3,3101.3,3101.3,20.599,233.57,454.84
1015.6,3029.3,3029.3,19.5,229.35,448.45
994.65,,2990.1,18.507,225.24,541.95
987.83,3539.7,3539.7,21.358,221.21,1129.1
999.83,,3776.9,20.452,217.25,1292.3
991.82,,3361.5,20.652,213.38,936.33
955.7,3348.4,3348.4,17.54,209.59,999.92
920.11,3187.1,3187.1,19.959,205.86,879.23
892.44,2879,2879,17.54,202.18,635.3
930.96,,2768.1,19.154,199.7,541.95
1030.3,,2942.3,18.555,222.47,674.39
1017.7,3342.7,3342.7,17.54,242.42,1083.6
1023.7,6372,6372,19.099,368.88,5037.3
1410.8,,13093,17.54,501.31,10735
2178.2,15233,15233,19.5,452.89,10763
2629.2,12710,12710,40.38,430.92,7792
3824.9,16725,16725,231.85,425.12,12284
7328.6,32227,32227,202.39,361.2,26476
10055,,45745,143.01,427.23,33673
8872.8,,40092,125.26,456.7,26430
6122.7,26082,26082,211.82,357.41,16286
4138.2,16078,16078,247.84,299.34,8805.5
2901.9,,9473.3,209.68,254.06,4283.3
2422.1,6611.8,6611.8,165.77,226.79,2359.9
2468.9,6524.3,6524.3,117.08,216.74,2715.1
2636.5,7531.7,7531.7,109.78,216.8,3428.6
2631.9,,7308.4,98.176,214.53,2961.6
2523.6,,6344.6,85.911,212.98,2150.6
2351,5232.5,5232.5,77.996,212.49,1166.1
2223,4323.2,4323.2,63.259,206.46,594.04
2215.2,,4116.2,47.276,204.83,460.76
2216.8,4063.4,4063.4,43.661,203.89,440.83
2205.6,4023.1,4023.1,42.143,202.67,438.51
2192.7,,3981.8,39.191,201.27,435.83
2175.6,3935.3,3935.3,36.966,199.72,432.86
2151.6,,3852,34.572,198.04,388.29
2127.2,3768.4,3768.4,32.146,196.17,366.7
2104.4,3715.5,3715.5,28.528,194.14,362.84
2080.2,,3660.5,27.373,192,358.68
2058.7,3607.4,3607.4,23.67,189.79,354.32
2035.6,3554.4,3554.4,22.877,187.54,349.84
2004.5,3493.8,3493.8,21.549,185.25,345.98
1971.6,3440.3,3440.3,20.125,182.88,357.89
1939.8,3418.3,3418.3,21.565,180.44,397.42
1909.1,3598.5,3598.5,18.29,177.99,805.06
1888.6,4566,4566,17.696,175.57,1764
1935.1,,5053.9,16.169,173.16,2029.8
2005,4586.3,4586.3,14.986,170.75,1511.5
1959,4083.5,4083.5,14.695,168.35,1061.8
1862.2,,3531.6,13.617,165.95,668.92
1793.6,3213.8,3213.8,14.796,163.62,465.25
1735.2,3036.5,3036.5,12.958,161.32,384.78
1699,,2996.9,13.934,159.07,429.8
1725,,3418.8,11.108,157.88,1060.8
1993.2,7854,7854,10.75,182.65,6860.6
2297.1,20672,20672,10.497,253.68,20374
2421.8,32283,32283,10.434,273.38,28696
2319.1,27878,27878,9.2841,232.2,22623
2024.3,,17250,8.8952,200.45,13188
1795,10650,10650,8.8947,171.85,7081
1657.5,5941,5941,8.5332,156.39,3113.8
1599.1,4110.1,4110.1,8.3598,149.63,1650.9
1564.7,3631.5,3631.5,9.6757,147.12,1327.6
1533.5,,3577.7,9.9563,145.42,1322.8
1508.7,,3524.7,10.011,143.84,1303
1474.9,3315.9,3315.9,9.7014,141.21,1074.9
1445.6,2798.1,2798.1,8.2999,136.88,574.22
1418.6,2332.3,2332.3,7.768,134.74,250.81
1399.7,2297.4,2297.4,7.58,133.02,248.15
1384,,2267.3,8.6243,131.43,245.53
1368.4,2238.7,2238.7,7.2453,129.86,242.93
1352.3,2210.9,2210.9,7.341,128.25,240.31
1335.8,,2180.4,6.6162,126.6,237.62
1319.6,,2149.3,6.2473,124.89,234.82
1303.3,2118.6,2118.6,5.3921,123.18,231.97
1287.3,2088.8,2088.8,5.0196,121.48,229.22
1271.6,,2062.1,5.5014,121.15,228.02
1256.3,2086.7,2086.7,5.854,150.85,262.09
1243.2,,2164.7,5.6112,170.05,325.74
1229.4,2184.4,2184.4,5.5232,152.1,359.5
1213.8,2166.3,2166.3,5.2857,137.05,399.46
1199.4,,2196.8,5.2098,123.7,454.79
1185.3,,2132.4,5.0787,115.55,409.56
1171.9,2003.4,2003.4,4.9931,111.61,318.9
1159.2,1928.4,1928.4,4.3374,109.85,268.4
1147,1868.7,1868.7,4.5877,109.17,232.22
1135.2,1872.2,1872.2,4.5308,122.74,230.25
1123.6,1888.2,1888.2,4.2635,130.53,234.57
1112.3,,1855.7,3.8897,122.32,232.2
1108.2,2047.9,2047.9,4.1146,116.31,697.83
1261.3,7639.5,7639.5,3.8825,109.24,9205.9
1374.8,24676,24676,3.5704,106.25,24094
1295.9,,27614,3.2463,138.62,23705
1211.8,16710,16710,3.3815,162.88,14060
1130.6,11188,11188,2.9034,148.17,8498
1078.9,,5773.8,3.4717,132.72,3730
1076.6,3504.8,3504.8,2.9465,129.02,1821.9
1083.4,4408.3,4408.3,2.481,133.03,3692.9
1063,8451.7,8451.7,2.8506,124.21,7255.2
1041.8,,8815.6,2.481,112.75,6770.3
1026.1,,6290.9,2.6619,103.65,4677.8
1077.8,5308.7,5308.7,2.811,108.17,3603.4
1236.2,5026.6,5026.6,2.6461,110.59,3509.9
1317.2,5871.6,5871.6,4.1336,101.45,4029.1
1230.5,5011.8,5011.8,4.1428,95.971,3090
1118.5,3786.4,3786.4,5.6135,90.951,2101.4
1043.8,3168.5,3168.5,7.341,90.754,1559.4
1009.8,2634,2634,6.0986,95.453,1101.3
1294.1,2573.3,2573.3,8.685,118.26,815.54
1493.3,3240.7,3240.7,11.101,126.85,1541
1385.7,4374.7,4374.7,10.194,110.38,2600.1
1316.9,4424.1,4424.1,7.341,99.507,2520.1
1189,,3765.2,6.162,96.388,2045.3
1072.8,3130.6,3130.6,5.6112,94.375,1444.4
1005.6,2332.8,2332.8,5.087,88,783.41
972.96,,1938.4,4.588,85.28,488.67
957.84,1710.4,1710.4,8.6323,82.599,329.81
951.38,,1613.7,9.2567,80.982,273.36
948,1576.8,1576.8,9.2318,79.951,259.94
931.98,,1548.3,8.6423,78.447,254.25
924.94,1506.3,1506.3,11.502,77.8,215
918.91,1448.8,1448.8,9.5689,77.333,177.17
912.81,,1430.9,9.3607,76.844,166.6
908,1407.9,1407.9,9.5507,76.026,153.04
903.32,1398.2,1398.2,8.6621,75.491,152.05
898.43,1389.1,1389.1,8.4297,74.946,151.06
893.22,1380.1,1380.1,7.604,74.367,150.03
887.7,1377.3,1377.3,5.6112,73.855,156.8
882.52,1491.1,1491.1,3.2463,76.101,349.13
891.63,1946.7,1946.7,3.246,101.2,716
892.66,2053.8,2053.8,2.851,111.58,723.09
891.34,1845.2,1845.2,2.481,111.75,634.2
1018.4,,2459.1,2.481,111.94,1098.7
1161.2,2800.7,2800.7,2.137,96.688,1143
1111.2,,2528.3,1.8192,89.302,868.95
1044.5,,2575,1.819,80.06,1271.7
1063.8,4212.7,4212.7,1.819,75.04,2806.1
1060.7,4693.2,4693.2,3.0316,72.297,3019.2
1000.1,3526.8,3526.8,2.8767,73.426,2111
927.77,3357.2,3357.2,2.638,76.562,1917.2
876.32,2920.3,2920.3,2.5499,74.848,1522.3
838.34,2920.1,2920.1,3.4023,74.785,1585.9
818.76,2800.9,2800.9,2.3964,75.225,1447.1
807.23,2428.4,2428.4,2.1982,72.772,1165.6
805.64,2405.3,2405.3,1.9995,69.511,1150.8
811.41,2297.8,2297.8,1.7483,67.272,1019.8
1052,,2338,1.5437,71.643,786.93
1177.9,2253.7,2253.7,1.6379,73.319,655.67
1032.6,3134.1,3134.1,1.1782,68.839,2085.4
994.72,,5891.9,1.165,66.437,4965.7
963.7,,7672.1,1.219,64.064,6217.9
926.89,,9032.6,0.93165,66.399,9471.4
925.11,,19096,0.84405,69.981,18591
1262.8,,24119,0.95346,109.45,22440
1605.2,23179,23179,1.1968,135.06,21283
1626.1,,22850,0.91488,154.9,19330
1534.9,,16705,1.1731,159.37,13743
1352.7,12588,12588,1.1704,118,9685
1348.5,,9245.3,0.89265,136.02,6656.9
1723.2,7166.9,7166.9,1.1685,139.74,4470.8
2197.7,6994.6,6994.6,1.3686,107.85,4032.4
2916.2,10622,10622,3.6183,120.34,7942.4
4892,21596,21596,31.048,333.29,17348
7982.7,37188,37188,27.033,504.91,31538
9761.1,68609,68609,58.708,444.13,61541
10537,,101710,81.669,513.49,95077
11315,152850,152850,678.51,553.32,154040
13736,,290450,490.68,466.19,294110
18751,,420250,454.8,402.07,402900
20866,417730,417730,542.9,319.68,381580
20313,374320,374320,523.41,266.13,338060
20546,339600,339600,654.03,249.7,302380
22226,297070,297070,553.91,256.04,256280
24455,253540,253540,604.94,257.52,208630
25428,202880,202880,3045.1,285.66,156680
30019,169840,169840,3202.7,336.85,121530
48934,176500,176500,2346.2,678.83,115290
83330,243320,243320,2561.7,1384,151480
112010,321910,321910,2237.2,1655.6,188710
125650,337310,337310,2016.4,1673.1,177110
131370,305400,305400,1475.9,1827.9,138710
129710,,272940,1008.8,2005.1,107900
124850,,240930,1246.8,2227.9,81292
121080,218620,218620,975.37,2534.6,66529
118880,,216270,985.36,2816.9,66132
116960,208570,208570,913.24,2908.6,58983
113800,196860,196860,734.69,2984.7,52636
109050,197770,197770,688.24,3094,61542
103150,,203990,532.07,3144,73721
97805,210680,210680,698.23,3151.5,84447
94494,,217820,822.14,3635.2,97468
100340,241430,241430,1721,5486.7,108590
151320,317910,317910,4244.4,11774,120590
256060,,501990,4393.3,22841,197160
350890,,800560,3371.1,31367,391550
404110,1068800,1068800,3188.1,34113,560300
435060,,1129300,2142,33364,555190
438610,1019100,1019100,1744.9,30527,442130
414500,871960,871960,1341.7,27334,329460
395530,772550,772550,2030.4,24664,273190
404800,772500,772500,1830.6,22671,272700
423150,795000,795000,2025.7,21162,273450
423330,790060,790060,7186.2,20089,269260
421280,789710,789710,9837.5,19675,271320
448960,819000,819000,6693.2,20061,264950
489860,,856230,3650.6,20707,241950
505380,,858040,2436,20847,210950
487370,,818510,2254.6,20390,180940
446440,,748620,1776.2,19485,155100
397630,672300,672300,1503.9,18378,136990
351060,599590,599590,1234.7,17242,122070
311080,539110,539110,975.37,16174,113580
278750,492100,492100,1184.2,15215,108380
254250,455840,455840,1356.7,14505,104350
237450,439540,439540,1412,14156,113010
227070,,442050,2097.7,14019,121970
220510,,435890,3765.4,14026,113260
217750,423210,423210,4488.1,14080,99295
229250,431690,431690,3403.7,14026,94996
263600,,473520,3315.5,13856,97228
303340,522820,522820,2439.2,13619,97003
322680,553830,553830,1841.6,13269,99769
317400,556610,556610,1386.5,12820,98967
296140,523590,523590,1278.6,12463,87051
268350,,475810,1093.2,12177,74013
240970,,429860,865.56,11891,64766
217030,391210,391210,750.2,11590,60601
196930,358770,358770,651.07,11192,57481
179860,331040,331040,668.83,10735,56664
164690,,319210,626.71,10246,68330
150560,311140,311140,545.38,9751.9,77530
137730,,285470,544.29,9286.5,68396
126660,,262120,626.33,9009.5,64138
120550,,256620,646.58,8766.7,69827
123290,262550,262550,656.44,8471.7,74515
129850,269120,269120,1077.4,8267.1,77118
133260,289970,289970,1022.7,8334.9,96489
133080,306980,306980,965.77,9044.8,110660
130160,303680,303680,911.89,10204,104500
125020,299110,299110,1077.4,11409,102750
119710,313460,313460,2332.5,12567,127300
116290,346240,346240,2665.7,13526,156530
118040,359020,359020,13753,14225,153440
152700,,400150,13180,14634,140160
266360,524300,524300,6174.2,14656,124830
430510,,707130,4143,14379,118690
540170,,831160,3122,13896,109360
547750,833150,833150,2748.1,13294,100690
492710,,777220,10385,12852,103690
422440,734430,734430,5147.6,13300,119170
363280,799930,799930,4782.2,18995,224000
325310,,966340,3183.8,34641,372680
301140,1038500,1038500,2634.9,49435,420770
282400,,998050,2072.9,54271,409970
264720,918590,918590,1945.2,52954,369540
244690,792970,792970,1364.6,48131,293650
223250,675540,675540,1174.8,42520,231570
203060,582220,582220,1054.2,37561,185710
185050,511490,511490,922.4,33589,154610
168820,456370,456370,846.35,30390,133070
154150,,412840,773.81,27736,118450
140880,375170,375170,676.54,25292,105880
128840,,341260,613.24,22788,94938
117980,309840,309840,561.95,20565,83815
108200,279130,279130,477.05,18657,72442
99366,253000,253000,516.59,17003,63715
91380,,229930,490.76,15564,56345
84156,210440,210440,498.46,14303,50568
77631,192890,192890,483.71,13186,45245
71754,,177550,454.1,12195,40976
66476,164030,164030,451.18,11386,37298
61731,152830,152830,463.87,10700,35441
57472,145430,145430,424.56,10098,35701
53853,143060,143060,449.98,9615,41584
52036,156870,156870,513.08,9257.7,65167
54190,210410,210410,1086.7,9235.4,122480
59568,276710,276710,1566,9912.8,176350
66881,297850,297850,854.79,11394,178700
75783,281600,281600,726.62,13159,149270
83779,,255970,616.96,14472,113150
88680,230230,230230,604.25,15025,82345
89836,211740,211740,589.14,14932,63870
88049,199850,199850,573.89,14427,54224
84682,192550,192550,535.64,13762,49244
80766,188830,188830,605.46,13118,46626
76937,,189600,1060.1,12567,48669
73249,,192260,938.88,12060,50943
69531,185890,185890,749.11,11559,46162
65836,177710,177710,578.71,11282,45415
62233,,179900,508.18,11101,52320
58738,,176430,433.74,10875,51291
55415,164290,164290,435.11,10730,42966
52325,,154710,423.9,10548,35823
49473,147630,147630,469.83,10295,30499
46836,142380,142380,416.75,9982.5,27086
44390,137980,137980,451.18,9622.9,25124
42110,,132770,370.37,9239.3,23604
39985,,126290,307.62,8854.2,22238
38002,119540,119540,328.4,8478.7,21137
36151,,112620,317.33,8106.8,19839
34423,,105740,323.46,7751.1,18458
32807,99600,99600,295.87,7408.8,17407
31291,94025,94025,262.61,7077.8,16518
29861,88809,88809,268.96,6759.5,15674
28509,83920,83920,241.57,6455.6,14874
27228,,79340,188.17,6167.1,14121
26014,75055,75055,173.19,5893.5,13413
24864,,71070,161.94,5633.9,12747
23775,67366,67366,156.17,5387.5,12121
22742,63919,63919,186.47,5153.5,11533
21763,60708,60708,183.44,4932.3,10979
20835,57718,57718,174.48,4724.2,10459
19955,,54934,145.39,4528.8,9972.2
19121,52339,52339,135.17,4344.7,9515.2
18329,49911,49911,162.87,4170.5,9085.9
17576,,47633,160.03,4005.4,8683.5
16861,,45495,154.42,3849.6,8307.8
16184,43493,43493,126.32,3702.9,7957.5
15545,41617,41617,119.8,3563.9,7628.9
14940,39853,39853,113.82,3431.6,7318.6
14368,38194,38194,107.21,3305.2,7024.5
13831,,36636,100.02,3186,6745.7
13335,,35196,96.123,3077.3,6486.2
12886,33888,33888,87.889,2980.2,6250.7
12479,32699,32699,84.356,2892.9,6038.8
12105,31607,31607,77.975,2813.2,5846.5
11755,30586,30586,70.961,2738.4,5668.4
11419,29612,29612,69.712,2666.2,5499
11092,28670,28670,68.316,2595.3,5334.1
10775,,27755,66.558,2525.6,5172
10468,26874,26874,66.081,2457.8,5014.2
10172,,26030,58.354,2392.6,4862.4
9890.1,25228,25228,55.101,2330.4,4717.5
9622.1,24466,24466,52.906,2270.8,4579.3
9366.5,23741,23741,50.734,2213.4,4447.2
9121.3,23045,23045,47.743,2157.8,4319.8
8884.5,22376,22376,47.561,2103.7,4196.5
8654.8,21731,21731,52.859,2051.1,4077
8432.5,21111,21111,45.573,2000.3,3961.6
8217.6,20515,20515,43.038,1951.4,3850.5
8009.7,,19943,42.259,1904.2,3743.6
7824.3,19548,19548,45.491,1865.2,3827.2
8009.6,22833,22833,60.492,1979.3,8185.4
8130.4,28982,28982,44.971,2126.2,13317
7807.3,28384,28384,49.382,2079.9,11846
7454,23686,23686,39.788,1963.9,8345.4
7116,,20752,37.439,1868.2,6003.7
6851.3,,18271,38.5,1803.8,4274.3
6649.5,17007,17007,40.085,1768.5,3534.6
6485.6,16376,16376,38.436,1749,3298.1
6333.4,,15984,37.32,1732,3220
